"CarId","Cylinders","Source","EngineConfig","ConfigSource"
"06_ygt_53_bmw_e46","6","chassis","Inline","chassis"
"06_ygt_53_nissan_350z","6","chassis","V60","chassis"
"1stclasspilot_e36","8","codename:\b\b5\.3[\s-]?LS\b","Inline","chassis"
"38_hb_444",,,,
"a3dr_ferrari_512tr","12","cylword:12","V60","brand"
"a3dr_porsche_993_c2","6","chassis","Boxer","chassis"
"a3dr_porsche_993_c4","6","chassis","Boxer","chassis"
"a3dr_viper_rt10","10","chassis","V90Even","chassis"
"abarth500",,,,
"abarth500_s1",,,,
"acdfr_infinity_q60",,,,
"ace_charger","8","tag:v8","V8CrossPlane","codename"
"ace_lt1","8","tag:v8","V8CrossPlane","codename"
"act_oom500","6","desc:6",,
"acw_subaru_grb","4","cylword:4","Boxer","chassis"
"ac_legends_bmw_2002",,,,
"adc_ford_au_falcon_420",,,,
"adc_holden_commodore_vk__420",,,,
"adc_lexus_is200_xe-10__420",,,,
"adc_nissan_180sx__420","4","chassis","Inline","chassis"
"adc_nissan_fairlady_432__420",,,,
"adc_nissan_laurel__420","6","chassis","Inline","chassis"
"adc_nissan_s14_kouki__420","4","chassis","Inline","chassis"
"adc_nissan_skyline_r31_sedan__420","6","chassis","Inline","chassis"
"adc_nissan_skyline_r31__420","6","chassis","Inline","chassis"
"adc_nissan_skyline_r32__420","6","chassis","Inline","chassis"
"adc_toyota_cresta__420","6","codename:\b1JZ(?:[-\s]?GTE|[-\s]?GE)?\b","Inline","chassis"
"adc_toyota_jzx100_chaser__420","6","codename:\b2JZ(?:[-\s]?GTE|[-\s]?GE)?\b","Inline","chassis"
"adc_toyota_jzx_90","6","chassis","Inline","chassis"
"adc_toyota_ke70_flat","4","codename:\b4[AG][-\s]?GE\b",,
"adc_toyota_ke70_quad","4","codename:\b4[AG][-\s]?GE\b",,
"adc_toyota_soarer__420","6","chassis","Inline","chassis"
"ad_am_one77","12","tag:V12","V8FlatPlane","chassis"
"aegis_mitsubishi_lancer_evolution_v_gsr","4","chassis","Inline","chassis"
"alfa_romeo_giulietta_qv","4","cylword:4",,
"alfa_romeo_giulietta_qv_le","4","cylword:4",,
"alm_supra_a60","6","chassis","Inline","chassis"
"amy_ek_cup","4","chassis","Inline","chassis"
"amy_honda_dc2_turbo","4","chassis","Inline","chassis"
"amy_honda_ek9_turbo","4","chassis","Inline","chassis"
"arch_ruf_ctr_1987",,,,
"art_diablo_gtr","12","tag:V12","V60","chassis"
"art_nissan_gtr_bcnr33_600r",,,,
"art_skyline_r32_gtr","6","chassis","Inline","chassis"
"as_aston_martin_victor","12","tag:v12","V60","brand"
"as_bmw_m3_g80_rftuned","6","chassis","Inline","chassis"
"as_bmw_m4_competition_g82_By_Ceky_Performance_XDrive","6","chassis","Inline","chassis"
"as_porsche_964_turbo_s","6","chassis","Boxer","chassis"
"as_singer_dls","6","desc:6","Boxer","codename"
"atdt_bmw_e46_m3","6","codename:\bS5[024]B[0-9]+\b","Inline","chassis"
"atdt_s2000_a_spec","4","codename:\bF20C\b","Inline","chassis"
"audi_rs3_2022_LMC","5","desc:5",,
"austin_mini_cooper_s_1000","4","chassis","Inline","chassis"
"austin_mini_cooper_s_appk","4","chassis","Inline","chassis"
"authentic_ai_1999_shrike",,,,
"authentic_ai_2017_commuter",,,,
"authentic_ai_2021_boxy",,,,
"authentic_ai_2023_volley_rsi",,,,
"aw_nissan_silvia_specr_sp_alt","6","chassis","Inline","chassis"
"bati_e46_nspec54","6","chassis","Inline","chassis"
"bati_e46_nspec85","10","desc:V10","Inline","chassis"
"bati_fd3s_rx7","-1","rotary","Rotary","rotary-sentinel"
"bdc_compspec_s14_v2","4","chassis","Inline","chassis"
"bdc_streetspec_350z_v4","4","desc:V4","V60","chassis"
"bdc_streetspec_ae86_v4","4","desc:V4","Inline","chassis"
"bdc_streetspec_altezza_v4","4","desc:V4","Inline","chassis"
"bdc_streetspec_aristo_v4","4","desc:V4",,
"bdc_streetspec_e36_v4","4","desc:V4","Inline","chassis"
"bdc_streetspec_miata_v4","4","desc:V4","Inline","chassis"
"bdc_streetspec_r32_v4","4","desc:V4","Inline","chassis"
"bdc_streetspec_rx7_v4","4","desc:V4","Rotary","chassis"
"bdc_streetspec_s13_v4","4","desc:V4",,
"bdc_streetspec_s14_v4","4","desc:V4","Inline","chassis"
"bg_mercedes_amg_gt_black_jp","8","codename:\bLS[1-9]X?\b","V8FlatPlane","desc-flat-plane"
"bg_mercedes_amg_one",,,,
"bh_civic_turbo",,,,
"BigRedStuntsCat","8","tag:v8","V8CrossPlane","codename"
"bio_g35",,,,
"bksy_nissan_skyline_r34_vspec_ii_nur","6","chassis","Inline","chassis"
"bk_dodge_charger_srt_hellcat_redeye_widebody_rftuned","8","desc:V8","V8CrossPlane","codename"
"bmw_1m","6","cylword:6",,
"bmw_1m_s3","6","cylword:6",,
"BMW_M3_COMPETITION_F80_AC_SPEED_X_MIRKOSS","8","desc:V8","Inline","chassis"
"bmw_m3_e30","6","chassis","Inline","chassis"
"bmw_m3_e30_drift","6","chassis","Inline","chassis"
"bmw_m3_e30_dtm","6","chassis","Inline","chassis"
"bmw_m3_e30_gra","6","chassis","Inline","chassis"
"bmw_m3_e30_s1","6","chassis","Inline","chassis"
"BMW_M3_E36_AC_SPEED_VIP","4","cylword:4","Inline","chassis"
"bmw_m3_e92","8","desc:V8","Inline","chassis"
"bmw_m3_e92_drift","8","desc:V8","Inline","chassis"
"bmw_m3_e92_s1","8","desc:V8","Inline","chassis"
"BMW_M3_G80_CS_AC_SPEED_X_MIRKOSS","6","chassis","Inline","chassis"
"bmw_m3_gt2","8","desc:V8",,
"bmw_m5_f10_editTakumimlz",,,,
"bmw_m6_e63","10","desc:V10","V8CrossPlane","chassis"
"bmw_x6m_e71_traffic","8","cylword:8",,
"bmw_z4","6","desc:6",,
"bmw_z4_drift","6","desc:6",,
"bmw_z4_gt3","8","desc:V8",,
"bmw_z4_s1","6","desc:6",,
"bz_corvette_zr1_c6_v2","8","tag:V8","V8CrossPlane","codename"
"camaro_zl1_1le_prvvy","8","desc:V8","V8CrossPlane","codename"
"CesarYeeMiata","4","tag:i4","Inline","chassis"
"cfd23_brz_banet","6","codename:\b2JZ(?:[-\s]?GTE|[-\s]?GE)?\b","Boxer","chassis"
"cfd23_nissan_s14_s_stoeckli","6","codename:\b2JZ(?:[-\s]?GTE|[-\s]?GE)?\b","Inline","chassis"
"ChaceG35s","6","desc:V6","V60","chassis"
"chimmybandido_v2",,,,
"CityBoiV2","8","tag:v8","V8FlatPlane","chassis"
"cityboi_c7","8","tag:v8","V8CrossPlane","chassis"
"cky_evo_ix_mr","4","desc:4","Inline","chassis"
"coastline_mercedes_190e_street",,,,
"corvette_c4_zr1_1995","8","desc:V8","V8CrossPlane","codename"
"crl_bmw_m3_g80_tuned","6","chassis","Inline","chassis"
"crown_s210_police",,,,
"ddm_daihatsu_copen_street","6","desc:B6",,
"ddm_honda_civic_fd2","4","chassis","Inline","chassis"
"ddm_honda_s2000_ap1","4","chassis","Inline","chassis"
"ddm_honda_s2000_ap2","4","chassis","Inline","chassis"
"ddm_mazda_fc3s_re","-1","rotary","Rotary","rotary-sentinel"
"ddm_mazda_rx7_infini_fc3s","-1","rotary","Rotary","rotary-sentinel"
"ddm_mitsubishi_evo_iv_gsr","4","chassis","Inline","chassis"
"ddm_mugen_civic_aero_ek9","4","desc:L4","Inline","chassis"
"ddm_mugen_civic_ek9","4","desc:L4","Inline","chassis"
"ddm_nissan_silvia_s14k","4","desc:L4","Inline","chassis"
"ddm_nissan_silvia_s14k_opt","4","desc:L4","Inline","chassis"
"ddm_nissan_silvia_s15","4","chassis","Inline","chassis"
"ddm_nissan_skyline_bnr32","6","chassis","Inline","chassis"
"ddm_nissan_skyline_hr31_house","6","codename:\bRB2[567](?:DET{1,2})?\b","V60","chassis"
"ddm_subaru_22b","4","chassis","Boxer","chassis"
"ddm_toyota_mr2_sw20","4","desc:L4",,
"ddm_toyota_mr2_sw20_shuto","4","desc:L4",,
"ddm_toyota_mrs_c_one","4","desc:L4","Inline","chassis"
"ddm_toyota_mrs_haru","4","desc:L4",,
"ddm_toyota_supra_ma70","6","desc:L6",,
"de_accord_12_v3","5","tag:v5",,
"dngs_toyota_ae86_levin_coupe","4","codename:\b4[AG][-\s]?GE\b","Inline","chassis"
"dthwsh_nissan_240sx_c_missile","4","codename:\bSR20(?:DET|VE|DE)?\b","Inline","chassis"
"dthwsh_nissan_240sx_onevia_wonder","6","codename:\b1JZ(?:[-\s]?GTE|[-\s]?GE)?\b","Inline","chassis"
"dthwsh_nissan_silvia_ps13_bn","6","codename:\b2JZ(?:[-\s]?GTE|[-\s]?GE)?\b","Inline","chassis"
"dthwsh_nissan_silvia_ps13_miyabi","4","codename:\bSR20(?:DET|VE|DE)?\b","Inline","chassis"
"dthwsh_nissan_silvia_ps13_w9","4","codename:\bSR20(?:DET|VE|DE)?\b","Inline","chassis"
"dthwsh_nissan_silvia_s14_kouki_doof","4","codename:\bSR20(?:DET|VE|DE)?\b","Inline","chassis"
"dthwsh_nissan_silvia_s15_psduce","4","codename:\bSR20(?:DET|VE|DE)?\b","Inline","chassis"
"dzrm8_knight",,,,
"ecf_lotus_europa_wolf",,,,
"exclusive_300","8","codename:\bHellcat\b","V8CrossPlane","codename"
"ferrari_312t","2","cylword:2",,
"ferrari_458",,,,
"ferrari_458_gt2",,,,
"ferrari_458_s3",,,,
"ferrari_599xxevo",,,,
"ferrari_f40","8","desc:V8","V8FlatPlane","chassis"
"ferrari_f40_s3","8","desc:V8","V8FlatPlane","chassis"
"ferrari_laferrari","12","desc:V12","V60","brand"
"ford_anglia_1966","4","desc:4","Boxer","chassis"
"ford_anglia_1966_s1","4","desc:4","Boxer","chassis"
"ford_rs200",,,,
"ford_transit",,,,
"ft_porsche_911_carrera_rs_27_touring","6","chassis","Boxer","chassis"
"fullmetal_mercedes_c32",,,,
"fumi_cp_bmw_e36_3ff_zoub","6","codename:\bM5[02]B[0-9]+\b","Inline","chassis"
"fumi_cp_bmw_e36_missil","6","desc:6","Inline","chassis"
"fumi_cp_bmw_e36_starfo","6","codename:\bM5[02]B[0-9]+\b","Inline","chassis"
"fumi_cp_bmw_jzx36","6","codename:\b1JZ(?:[-\s]?GTE|[-\s]?GE)?\b","Inline","chassis"
"fumi_cp_nissan_200sx_s13","4","codename:\bSR20(?:DET|VE|DE)?\b","Inline","chassis"
"fumi_cp_nissan_ps13_rb25","6","codename:\bRB2[567](?:DET{1,2})?\b","Inline","chassis"
"fumi_cp_nissan_s14_fdc","6","codename:\b2JZ(?:[-\s]?GTE|[-\s]?GE)?\b","Inline","chassis"
"fumi_cp_nissan_s15_2jz","6","codename:\b2JZ(?:[-\s]?GTE|[-\s]?GE)?\b","Inline","chassis"
"fumi_kortug_street_s15","4","codename:\bSR20(?:DET|VE|DE)?\b","Inline","chassis"
"gaya_street_ae86trueno","4","chassis","Inline","chassis"
"gbe_corvette_z06_prvvy_tuned","8","tag:V8","V8CrossPlane","chassis"
"gd_chevy_vette_c3_zr1","8","codename:\bLT[1-5]\b","V8CrossPlane","codename"
"gd_porsche_959","6","chassis","Boxer","chassis"
"gd_toyota_supra_gr","4","desc:4","Inline","chassis"
"GioCamaroSS","8","tag:v8","V8CrossPlane","chassis"
"glo93foxbody","8","codename:\bLS[1-9]X?\b","V8CrossPlane","codename"
"glo_ss",,,,
"gmp_abflug_s900","6","codename:\b2JZ(?:[-\s]?GTE|[-\s]?GE)?\b","Inline","chassis"
"gmp_bnr34_the_inevitable","6","chassis","Inline","chassis"
"gmp_e60_m5_ericsson",,,,
"gmp_e60_m5_normal_manual","10","desc:V10","V8CrossPlane","chassis"
"gmp_e60_m5_ysfactory",,,,
"gmp_jzs161_ridox","6","chassis","Inline","chassis"
"gravygarage_beater_jzx90","6","chassis","Inline","chassis"
"gravygarage_oaktree_street_200sx_alex",,,,
"gravygarage_oaktree_street_s13_tye","4","codename:\bSR20(?:DET|VE|DE)?\b","Inline","chassis"
"gravygarage_oaktree_street_s13_tye_2023","4","codename:\bSR20(?:DET|VE|DE)?\b","Inline","chassis"
"gravygarage_oaktree_street_s14_vic","4","chassis","Inline","chassis"
"gravygarage_revive_street_s13_matt","8","codename:\bLS[1-9]X?\b","V8CrossPlane","codename"
"gravygarage_street_180sx_corbett","4","chassis","Inline","chassis"
"gravygarage_street_180sx_meade","4","chassis","Inline","chassis"
"gravygarage_street_ae86_readie","4","chassis","Inline","chassis"
"gravygarage_street_e36_compact","6","chassis","Inline","chassis"
"gravygarage_street_e36_touring","6","chassis","V8CrossPlane","codename"
"gravygarage_street_e46","6","chassis","Inline","chassis"
"gravygarage_street_gs300",,,,
"gravygarage_street_jzx100_mkii",,,,
"gravygarage_street_jzx90","6","chassis","Inline","chassis"
"gravygarage_street_miata","4","chassis","Inline","chassis"
"gravygarage_street_omega","8","desc:V8",,
"gravygarage_street_s13_brent","4","chassis","Inline","chassis"
"gravygarage_street_s13_tim","4","chassis","Inline","chassis"
"gravygarage_street_s14_draper","6","codename:\b2JZ(?:[-\s]?GTE|[-\s]?GE)?\b","Inline","chassis"
"gravygarage_street_s14_joel","4","chassis","Inline","chassis"
"gravygarage_team_kamikaze_c33_ben",,,,
"gravygarage_team_kamikaze_s15_hayden","4","chassis","Inline","chassis"
"GrA_bmw_e36_compact_Trackday","6","chassis","Inline","chassis"
"gsp_charger_pursuit_a","8","tag:v8","V8CrossPlane","chassis"
"gtr_nismo_24_prvvy_spec",,,,
"HDC_VW_Caddy",,,,
"hk51_p1_spec_dc5","4","chassis","Inline","chassis"
"hk51_p1_spec_ek9","4","chassis","Inline","chassis"
"hk51_p1_spec_em1","4","chassis","Inline","chassis"
"hk51_p1_spec_em1_pushin_p_tuned","4","chassis","Inline","chassis"
"hk51_p1_spec_evo8","4","chassis","Inline","chassis"
"hk51_traffic_isuzu_nkr_flatbed_tow_truck_hyundai_i30n",,,,
"hk51_traffic_mercedes_a45_amg",,,,
"hk51_traffic_porsche_macan",,,,
"hk51_traffic_tesla_model3",,,,
"hk51_traffic_toyota_prius_taxi",,,,
"hk51_traffic_vw_golf_r",,,,
"honda_acty_ha3","6","chassis","V60","chassis"
"honda_prelude_88","4","desc:4",,
"honda_s2000_a_spec","4","chassis","Inline","chassis"
"hsrc_subaru_gc8","4","desc:B4","Boxer","codename"
"idp1st_takumi_fujiwara_ae86_trueno","4","codename:\b4[AG][-\s]?GE\b","Inline","chassis"
"idp2nd3rd4th_takumi_fujiwara_ae86_trueno","4","codename:\b4[AG][-\s]?GE\b","Inline","chassis"
"idp4th_honda_s2000_godarm","4","chassis","Inline","chassis"
"idp4th_ichijo_mitsubishi_lancer_evo_vi_tme_gsr","4","chassis","Inline","chassis"
"idp4th_rx7_fd_keisuke","-1","rotary","Rotary","rotary-sentinel"
"idp4th_takumi_fujiwara_ae86_trueno_carbon","4","codename:\b4[AG][-\s]?GE\b","Inline","chassis"
"idp5th_nissan_skyline_gtr_r32_rin_hojo","6","chassis","Inline","chassis"
"idp5th_takumi_fujiwara_ae86_trueno_carbon","4","codename:\b4[AG][-\s]?GE\b","Inline","chassis"
"ig_impreza_sti_99_ver6","4","chassis","Boxer","chassis"
"ig_toyota_gr86_premium",,,,
"infiniti_q50_awd_prvvy",,,,
"initiald_ae86_levin","4","chassis","Inline","chassis"
"j8_ae86_tuned_coupe","4","chassis","Inline","chassis"
"j8_eunos_roadster_tuned","4","chassis","Inline","chassis"
"j8_honda_nsx_na1_type_r","6","tag:V6","Inline","chassis"
"j8_honda_nsx_tuned","6","tag:V6","V60","chassis"
"j8_mitsubishi_gto_twin_turbo_91",,,,
"j8_mitsubishi_gto_twin_turbo_91_haru_spec",,,,
"j8_nissan_r32_vspec_2","6","chassis","Inline","chassis"
"j8_subaru_typer_ver6_99","4","chassis","Boxer","chassis"
"j8_toyota_celica_tuned",,,,
"j8_toyota_supra_rz_97",,,,
"jf_mclaren_f1_1994",,,,
"jvs_mitsubishi_evo6_tme","4","chassis","Inline","chassis"
"kc_3v_v2","8","tag:v8","V8CrossPlane","chassis"
"kc_c5","8","tag:v8","V8CrossPlane","chassis"
"kc_challenger","8","tag:v8","V8CrossPlane","codename"
"kc_chevyss_v2","8","tag:v8","V8CrossPlane","brand"
"kc_e36","6","chassis","Inline","chassis"
"kc_fbody","8","tag:v8","V8CrossPlane","codename"
"kc_foxbody","8","chassis","V8CrossPlane","chassis"
"kc_g35",,,,
"kc_g37ipl",,,,
"kc_gs300",,,,
"kc_gxgxp","8","tag:v8","V8CrossPlane","brand"
"kc_is300",,,,
"kc_ls400",,,,
"kc_s14","4","chassis","Inline","chassis"
"kc_sn95","8","tag:V8","V8CrossPlane","chassis"
"kc_tbss",,,,
"kc_v1","8","tag:v8","V8CrossPlane","brand"
"kc_zl1","8","chassis","V8CrossPlane","chassis"
"ks_abarth500_assetto_corse",,,,
"ks_abarth_595ss",,,,
"ks_abarth_595ss_s1",,,,
"ks_abarth_595ss_s2",,,,
"ks_alfa_33_stradale","8","desc:V8",,
"ks_alfa_giulia_qv","6","desc:V6",,
"ks_alfa_giulia_qv_rftuned","6","desc:V6",,
"ks_alfa_mito_qv",,,,
"ks_alfa_romeo_155_v6","6","desc:V6",,
"ks_alfa_romeo_4c",,,,
"ks_alfa_romeo_gta",,,,
"ks_audi_a1s1",,,,
"ks_audi_r18_etron_quattro",,,,
"ks_audi_r8_lms","10","desc:V10","V90Even","brand"
"ks_audi_r8_lms_2016",,,,
"ks_audi_r8_plus","10","desc:V10","V90Even","brand"
"ks_audi_s4_97_tuned",,,,
"ks_audi_sport_quattro",,,,
"ks_audi_sport_quattro_rally",,,,
"ks_audi_sport_quattro_s1",,,,
"ks_audi_tt_cup",,,,
"ks_audi_tt_vln",,,,
"ks_bmw_m235i_racing",,,,
"ks_bmw_m4",,,,
"ks_bmw_m4_akrapovic",,,,
"ks_bmw_m4_g_power_V1_Modified_By_VincToreto_Drift",,,,
"ks_corvette_c7r","8","chassis","V8CrossPlane","chassis"
"ks_corvette_c7_stingray","8","tag:v8","V8CrossPlane","chassis"
"ks_ferrari_250_gto",,,,
"ks_ferrari_288_gto",,,,
"ks_ferrari_312_67",,,,
"ks_ferrari_330_p4","12","desc:V12","V60","brand"
"ks_ferrari_488_gt3","8","desc:V8","V8FlatPlane","chassis"
"ks_ferrari_488_gtb","8","desc:V8","V8FlatPlane","chassis"
"ks_ferrari_812_superfast","12","cylword:12","V60","brand"
"ks_ferrari_f138","8","desc:V8","V8FlatPlane","brand"
"ks_ferrari_f2004","10","cylword:10",,
"ks_ferrari_fxx_k","12","desc:V12","V60","brand"
"ks_ferrari_sf15t",,,,
"ks_ferrari_sf70h",,,,
"ks_ford_escort_mk1",,,,
"ks_ford_gt40","8","desc:V8","V8CrossPlane","brand"
"ks_ford_mustang_2015","8","tag:v8","V8CrossPlane","chassis"
"ks_glickenhaus_scg003",,,,
"ks_lamborghini_aventador_sv","12","desc:V12","V60","chassis"
"ks_lamborghini_countach","12","desc:V12","V60","chassis"
"ks_lamborghini_countach_s1","12","desc:V12","V60","chassis"
"ks_lamborghini_gallardo_sl","10","desc:V10","V90Even","chassis"
"ks_lamborghini_gallardo_sl_s3",,,,
"ks_lamborghini_huracan_gt3","10","desc:V10","V90Even","chassis"
"ks_lamborghini_huracan_performante","10","desc:V10","V90Even","chassis"
"ks_lamborghini_huracan_st","10","desc:V10","V60","chassis"
"ks_lamborghini_miura_sv","12","cylword:12","V60","chassis"
"ks_lamborghini_sesto_elemento","10","desc:V10","V60","chassis"
"ks_lotus_25",,,,
"ks_lotus_3_eleven","6","desc:V6",,
"ks_lotus_72d",,,,
"ks_maserati_250f_12cyl","12","desc:V12","V8FlatPlane","chassis"
"ks_maserati_250f_6cyl","12","desc:V12","V8FlatPlane","chassis"
"ks_maserati_alfieri",,,,
"ks_maserati_gt_mc_gt4",,,,
"ks_maserati_levante",,,,
"ks_maserati_mc12_gt1","12","desc:V12","V60","brand"
"ks_maserati_quattroporte","8","desc:V8","V8FlatPlane","brand"
"ks_mazda_787b","-1","rotary","Rotary","rotary-sentinel"
"ks_mazda_miata","4","chassis","Inline","chassis"
"ks_mazda_mx5_cup","4","chassis","Inline","chassis"
"ks_mazda_mx5_nd","4","chassis","Inline","chassis"
"ks_mazda_rx7_spirit_r","-1","rotary","Rotary","rotary-sentinel"
"ks_mazda_rx7_tuned","-1","rotary","Rotary","rotary-sentinel"
"ks_mclaren_570s","8","desc:V8","V8FlatPlane","chassis"
"ks_mclaren_650_gt3","8","desc:V8","V8FlatPlane","codename"
"ks_mclaren_f1_gtr","6","chassis","Boxer","chassis"
"ks_mclaren_p1","8","desc:V8","V8FlatPlane","brand"
"ks_mclaren_p1_gtr","8","desc:V8","V8FlatPlane","brand"
"ks_mercedes_190_evo2","4","chassis","Inline","chassis"
"ks_mercedes_amg_gt3","8","desc:V8","V8CrossPlane","chassis"
"ks_mercedes_c9","8","desc:V8","V8CrossPlane","brand"
"ks_nissan_370z","6","desc:V6","V60","chassis"
"ks_nissan_gtr","6","desc:V6",,
"ks_nissan_gtr_gt3",,,,
"ks_nissan_skyline_r34","6","chassis","Inline","chassis"
"ks_pagani_huayra_bc","12","desc:V12","V8FlatPlane","chassis"
"ks_porsche_718_boxster_s","6","chassis","Boxer","chassis"
"ks_porsche_718_boxster_s_pdk","6","chassis","Boxer","chassis"
"ks_porsche_718_cayman_s","6","chassis","Boxer","chassis"
"ks_porsche_718_spyder_rs",,,,
"ks_porsche_908_lh",,,,
"ks_porsche_911_carrera_rsr","6","chassis","Boxer","chassis"
"ks_porsche_911_gt1","6","chassis","Boxer","chassis"
"ks_porsche_911_gt3_cup_2017","6","chassis","Boxer","chassis"
"ks_porsche_911_gt3_rs","6","chassis","Boxer","chassis"
"ks_porsche_911_gt3_r_2016","6","desc:6","Boxer","chassis"
"ks_porsche_911_r","6","desc:6","Boxer","chassis"
"ks_porsche_911_rsr_2017","6","desc:6","Boxer","chassis"
"ks_porsche_917_30","6","codename:\bMezger\b","Boxer","codename"
"ks_porsche_917_k",,,,
"ks_porsche_918_spyder","8","desc:V8",,
"ks_porsche_919_hybrid_2015",,,,
"ks_porsche_919_hybrid_2016",,,,
"ks_porsche_935_78_moby_dick","6","chassis","Boxer","chassis"
"ks_porsche_962c_longtail",,,,
"ks_porsche_962c_shorttail",,,,
"ks_porsche_991_carrera_s","6","chassis","Boxer","chassis"
"ks_porsche_991_turbo_s","6","chassis","Boxer","chassis"
"ks_porsche_cayenne","8","desc:V8","V8FlatPlane","chassis"
"ks_porsche_cayman_gt4_clubsport","6","desc:6","Boxer","chassis"
"ks_porsche_cayman_gt4_std","6","desc:6","Boxer","chassis"
"ks_porsche_macan","6","desc:V6","Boxer","brand"
"ks_porsche_panamera","8","desc:V8","Boxer","chassis"
"ks_praga_r1",,,,
"ks_ruf_rt12r",,,,
"ks_ruf_rt12r_awd",,,,
"ks_toyota_ae86","4","chassis","Inline","chassis"
"ks_toyota_ae86_drift","4","chassis","Inline","chassis"
"ks_toyota_ae86_tuned","4","chassis","Inline","chassis"
"ks_toyota_celica_st185",,,,
"ks_toyota_gt86","4","chassis","Boxer","chassis"
"ks_toyota_supra_mkiv","6","desc:6",,
"ks_toyota_supra_mkiv_drift",,,,
"ks_toyota_supra_mkiv_tuned",,,,
"ks_toyota_ts040",,,,
"ktm_xbow_r",,,,
"kx_lan_evo_v_initiald","4","chassis","Inline","chassis"
"lamborghini_gallardo_superleggera_nasher_Ju",,,,
"lamborghini_murcielago_lp640",,,,
"ld_austin_na","6","desc:V6",,
"ld_josh_370z_v2","6","desc:V6","V8CrossPlane","codename"
"ld_mike_fc3s","6","desc:V6","Rotary","codename"
"ld_trey_gt86","6","desc:V6","Boxer","chassis"
"lotus_2_eleven",,,,
"lotus_2_eleven_gt4",,,,
"lotus_49",,,,
"lotus_98t","6","desc:V6","V8FlatPlane","chassis"
"lotus_elise_sc",,,,
"lotus_elise_sc_s1",,,,
"lotus_elise_sc_s2",,,,
"lotus_elise_sport_190_99",,,,
"lotus_esprit_V8","8","desc:V8","V8FlatPlane","brand"
"lotus_evora_gtc",,,,
"lotus_evora_gte",,,,
"lotus_evora_gte_carbon",,,,
"lotus_evora_gx",,,,
"lotus_evora_s","6","desc:V6",,
"lotus_evora_s_s2","6","desc:V6",,
"lotus_exige_240",,,,
"lotus_exige_240_s3",,,,
"lotus_exige_s",,,,
"lotus_exige_scura",,,,
"lotus_exige_s_roadster","6","desc:V6",,
"lotus_exige_v6_cup","6","desc:V6",,
"lotus_exos_125",,,,
"lotus_exos_125_s1",,,,
"ltkaeri_honda_s2000_gt1_amuse","4","codename:\bF20C\b","Inline","chassis"
"M2_Competition_prvvy_tgn",,,,
"mby_ford_foxbody_gt","8","tag:V8","V8CrossPlane","chassis"
"mby_mercedes_190e_evolution_ii","4","chassis","Inline","chassis"
"mclaren_mp412c",,,,
"mclaren_mp412c_gt3","8","desc:V8","V8FlatPlane","codename"
"mercedes_amg_c63s_2017_tuned","8","desc:V8","V8CrossPlane","chassis"
"Mercedes_Benz_C63_AMG_Brabus_w204_swap","6","desc:6","V8CrossPlane","chassis"
"mercedes_clk_gtr_supersport","12","desc:V12","V8FlatPlane","chassis"
"mercedes_sls","8","desc:V8","V8CrossPlane","chassis"
"mercedes_sls_gt3",,,,
"mitsubishi_evo8","4","chassis","Inline","chassis"
"mitsubishi_starion_race","6","codename:\b2JZ(?:[-\s]?GTE|[-\s]?GE)?\b","Inline","chassis"
"mitsubishi_starion_race_rally","4","codename:\b4G6[34]\b","Inline","chassis"
"mlgz_x_prvvy_mercedes_c300_2022_tuned",,,,
"mmpower_bmw_e39_m5","8","desc:V8",,
"mpw_police_dodge_charger_street","8","chassis","V8CrossPlane","chassis"
"mpw_police_ford_interceptor_utility_street",,,,
"mpw_police_ford_taurus_unmarked",,,,
"ms-mazda_mx5_nb2_01-se_brg-v1.4","4","desc:I4","Inline","chassis"
"ms_bmw_m3_e46","6","desc:6","Inline","chassis"
"ms_mazda_mx5_nd","4","chassis","Inline","chassis"
"ms_nissan_r33_gtst_typem","6","chassis","Inline","chassis"
"mtn_victoria",,,,
"naz_jza80_ridox_modern",,,,
"NForce_180sx","4","chassis","Inline","chassis"
"NForce_326_c5","8","tag:v8","V8CrossPlane","codename"
"NForce_370z","6","chassis","V60","chassis"
"NForce_a80_supra","6","desc:I6","Inline","chassis"
"NForce_a90_supra","6","desc:I6","Inline","chassis"
"NForce_Altezza","6","desc:I6","Inline","chassis"
"NForce_bdc_e36","6","desc:I6","Inline","chassis"
"NForce_BN_S15","8","codename:\bLS[1-9]X?\b","V8CrossPlane","codename"
"NForce_E30","6","chassis","Rotary","codename"
"NForce_E46","8","desc:V8","Inline","chassis"
"NForce_G35","8","codename:\bLS[1-9]X?\b","V8CrossPlane","codename"
"NForce_gr86","4","chassis",,
"NForce_M4","6","desc:I6",,
"NForce_onevia","4","codename:\bSR20(?:DET|VE|DE)?\b","Inline","chassis"
"NForce_RX8","-1","rotary","Rotary","rotary-sentinel"
"NForce_S14","6","codename:\b1JZ(?:[-\s]?GTE|[-\s]?GE)?\b","Inline","chassis"
"NForce_s15","6","desc:I6","Inline","chassis"
"NForce_s550_mustang","8","codename:\bCoyote\b","V8CrossPlane","codename"
"nissan_300zx","10","desc:V10","V60","chassis"
"nissan_skyline_r34_omori_factory_s1","6","codename:\bRB2[567](?:DET{1,2})?\b","Inline","chassis"
"nissan_skyline_r34_v-specperformance","6","codename:\bRB2[567](?:DET{1,2})?\b","Inline","chassis"
"nohesituned_as_porsche_cayman_718_gt4_rs","6","chassis","Boxer","chassis"
"nohesituned_dodge_viper","10","tag:v10","V90Even","chassis"
"nohesituned_evon_rftuned","4","chassis","Inline","chassis"
"nohesituned_nsx-r","6","chassis","V60","chassis"
"nohesituned_quadrifoglio",,,,
"nohesi_370z_widebody","6","chassis","V60","chassis"
"nohesi_astonmartin_vantage_vlct","12","tag:v12","V60","brand"
"nohesi_audi_rs3_saloon_vlct",,,,
"nohesi_audi_rs5_f5",,,,
"nohesi_audi_rsq8",,,,
"nohesi_bentley_continental_gt",,,,
"nohesi_bimmerplug_m4","6","chassis","Inline","chassis"
"nohesi_bmw_340i_f30",,,,
"nohesi_bmw_e39_m5_vlct",,,,
"nohesi_bmw_e90","8","desc:V8","Inline","chassis"
"nohesi_bmw_f81_m3",,,,
"nohesi_bmw_f82_m4lci_vlct","6","chassis","Inline","chassis"
"nohesi_bmw_g87_adro",,,,
"nohesi_bmw_g87_adro_v2",,,,
"nohesi_bmw_m2_f87",,,,
"nohesi_bmw_m2_f87_comp_kyrex","6","desc:6",,
"nohesi_bmw_m340i_g20_chris",,,,
"nohesi_bmw_m3_e46","6","chassis","Inline","chassis"
"nohesi_bmw_m3_e92_adro","6","chassis","Inline","chassis"
"nohesi_bmw_m3_f80","6","chassis","Inline","chassis"
"nohesi_bmw_m3_g80","6","chassis","Inline","chassis"
"nohesi_bmw_m3_g81",,,,
"nohesi_bmw_m4_g82_adro_chris","6","chassis","Inline","chassis"
"nohesi_bmw_x3m_f97_adro",,,,
"nohesi_bmw_x5m_f95",,,,
"nohesi_c63_23","8","desc:V8","V8CrossPlane","chassis"
"nohesi_cadillac_ctsv_vlct","8","desc:V8","V8CrossPlane","brand"
"nohesi_chevrolet_c8_zr1","8","chassis","V8CrossPlane","chassis"
"nohesi_chevrolet_corvette_c6","8","tag:v8","V8CrossPlane","chassis"
"nohesi_chevrolet_corvette_c7_zr1_vlct","8","chassis","V8CrossPlane","chassis"
"nohesi_chrysler_300_hellcat","8","codename:\bHellcat\b","V8CrossPlane","codename"
"nohesi_ct5v","8","tag:v8","V8CrossPlane","brand"
"nohesi_ferrari_812_nlargo",,,,
"nohesi_ford_mustang_gt350","8","tag:v8","V8CrossPlane","chassis"
"nohesi_ford_mustang_gtd","8","tag:v8","V8CrossPlane","chassis"
"nohesi_ford_mustang_mk1_vlct","8","chassis","V8CrossPlane","chassis"
"nohesi_ford_mustang_terminator_vlct","8","chassis","V8CrossPlane","chassis"
"nohesi_g82_comp_coupe","6","chassis","Inline","chassis"
"nohesi_hellcat_charger","8","codename:\bHellcat\b","V8CrossPlane","codename"
"nohesi_hellcat_redeye_challenger","8","codename:\bHellcat\b","V8CrossPlane","codename"
"nohesi_hellcat_redeye_charger","8","codename:\bHellcat\b","V8CrossPlane","codename"
"nohesi_honda_s2000","4","chassis","Inline","chassis"
"nohesi_infiniti_g37",,,,
"nohesi_infiniti_q50s_vlct",,,,
"nohesi_jeep_trackhawk",,,,
"nohesi_kimera_evo37_kz","4","chassis","Inline","chassis"
"nohesi_lamborghini_huracan_lp610",,,,
"nohesi_lamborghini_svj_63","12","desc:V12","V60","chassis"
"nohesi_lamborghini_temerario_vlct",,,,
"nohesi_lamborghini_urus_chris",,,,
"nohesi_lamborghini_urus_performante_vlct",,,,
"nohesi_lexus_is500",,,,
"nohesi_lexus_lfa_nurburgring",,,,
"nohesi_lotus_evora_gt430",,,,
"nohesi_m5_comp","8","desc:V8",,
"nohesi_m5_e60_hjckd","10","desc:V10",,
"nohesi_mazda_rx7_fc_vlct","-1","rotary","Rotary","rotary-sentinel"
"nohesi_mazda_rx7_fd","-1","rotary","Rotary","rotary-sentinel"
"nohesi_mclaren_600lt_novitec",,,,
"nohesi_mclaren_720s",,,,
"nohesi_mclaren_w1",,,,
"nohesi_mercedes_brabus_gt600",,,,
"nohesi_mercedes_c63_amg_w204_blackseries","8","desc:V8","V8CrossPlane","chassis"
"nohesi_mercedes_c63_coupe",,,,
"nohesi_mercedes_cls_c218",,,,
"nohesi_mercedes_e63_w213","8","desc:V8","V8CrossPlane","chassis"
"nohesi_mercedes_gt63",,,,
"nohesi_mercedes_w201_vlct",,,,
"nohesi_mitsubishi_3000_gt",,,,
"nohesi_mitsubishi_evo8","4","chassis","Inline","chassis"
"nohesi_nissan_gtr_r35_vlct",,,,
"nohesi_police_ford_explorer","6","desc:V6",,
"nohesi_police_ford_f150","8","desc:V8","V8CrossPlane","chassis"
"nohesi_police_hellcat_charger","8","desc:V8","V8CrossPlane","codename"
"nohesi_police_m5_comp","8","desc:V8",,
"nohesi_porsche_992_gt3_adro","6","chassis","Boxer","chassis"
"nohesi_porsche_gt3rs","6","desc:6","Boxer","chassis"
"nohesi_porsche_gt3rs_vlct","6","chassis","Boxer","chassis"
"nohesi_porsche_singer_abflug","6","chassis","Boxer","chassis"
"nohesi_realistic_audi_rs3_saloon_vlct",,,,
"nohesi_realistic_audi_rs6_c8","8","desc:V8","V8CrossPlane","chassis"
"nohesi_realistic_bmw_f82_m4lci_vlct","6","desc:6","Inline","chassis"
"nohesi_realistic_bmw_f90_m5cs_vlct",,,,
"nohesi_realistic_bmw_g87_adro_v2",,,,
"nohesi_realistic_bmw_m2_f87_comp_kyrex","6","desc:6",,
"nohesi_realistic_bmw_m3_e46","6","desc:6","Inline","chassis"
"nohesi_realistic_bmw_m4_g82_adro_chris","6","chassis","Inline","chassis"
"nohesi_realistic_bmw_x3m_f97_adro",,,,
"nohesi_realistic_cadillac_ctsv_vlct","8","desc:V8","V8CrossPlane","brand"
"nohesi_realistic_chevrolet_c8_zr1","8","desc:V8","V8FlatPlane","desc-flat-plane"
"nohesi_realistic_ford_mustang_gtd","8","desc:V8","V8CrossPlane","chassis"
"nohesi_realistic_ford_mustang_terminator_vlct","8","desc:V8","V8CrossPlane","chassis"
"nohesi_realistic_honda_civic_fl5_typer_adro","4","chassis","Inline","chassis"
"nohesi_realistic_lamborghini_urus_chris","8","desc:V8",,
"nohesi_realistic_lamborghini_urus_performante_vlct","8","desc:V8","V90Even","chassis"
"nohesi_realistic_lexus_is500","8","desc:V8",,
"nohesi_realistic_mercedes_c63_amg_w204_blackseries","8","desc:V8","V8CrossPlane","chassis"
"nohesi_realistic_mercedes_e63_w213","8","desc:V8","V8CrossPlane","chassis"
"nohesi_realistic_mercedes_gt63","8","desc:V8","V8CrossPlane","brand"
"nohesi_realistic_mercedes_gt63se","8","desc:V8","V8CrossPlane","brand"
"nohesi_realistic_nissan_gtr_r35_vlct","6","desc:V6",,
"nohesi_realistic_porsche_992_gt3_adro","6","chassis","Boxer","chassis"
"nohesi_realistic_porsche_gt3rs_vlct","6","desc:6","Boxer","chassis"
"nohesi_realistic_toyota_chaser_jzx100","6","desc:6","Inline","chassis"
"nohesi_realistic_toyota_gr86_adro","4","desc:4",,
"nohesi_realistic_toyota_supra_mk5_adro","6","chassis","Inline","chassis"
"nohesi_rs6_c7","8","chassis","V8CrossPlane","chassis"
"nohesi_subaru_wrx_sti_gd_kz","4","chassis","Boxer","chassis"
"nohesi_toyota_chaser_jzx100","6","desc:6","Inline","chassis"
"nohesi_toyota_gr86_adrowide",,,,
"nohesi_toyota_gr_yaris",,,,
"nohesi_toyota_supra_mk4","6","chassis","Inline","chassis"
"nohesi_toyota_supra_mk5_adro_widebody","6","chassis","Inline","chassis"
"nohesi_traffic_audi_a6",,,,
"nohesi_traffic_bmw_i7","8","desc:V8",,
"nohesi_traffic_bmw_x5","8","desc:V8",,
"nohesi_traffic_ford_bronco",,,,
"nohesi_traffic_ford_puma",,,,
"nohesi_traffic_kia_k5",,,,
"nohesi_traffic_mazda_3",,,,
"nohesi_traffic_mercedes_sclass",,,,
"nohesi_traffic_porsche_panamera",,,,
"nohesi_traffic_tesla_model_3",,,,
"nohesi_traffic_tesla_model_y",,,,
"nohesi_traffic_tesla_truck",,,,
"nohesi_traffic_toyota_camry",,,,
"nohesi_traffic_toyota_prius",,,,
"nohesi_traffic_volkswagen_jetta",,,,
"nohesi_velocity_one_s","8","desc:V8","V8FlatPlane","brand"
"nohesi_volkswagen_golf_r_mk8",,,,
"nohesi_vw_golf_r",,,,
"nohesi_zl1_1le","8","chassis","V8CrossPlane","chassis"
"nstymobn_ss","8","tag:v8","V8CrossPlane","brand"
"nstymobn_v2",,,,
"nypd_charger","8","chassis","V8CrossPlane","chassis"
"nypd_ford",,,,
"oneweek_hillman_imp",,,,
"oneweek_hillman_imp_a1",,,,
"p3_mitsubishi_evo8","4","chassis","Inline","chassis"
"p4-5_2011",,,,
"pagani_huayra",,,,
"pagani_zonda_r","12","desc:V12","V8FlatPlane","chassis"
"peugeot_205_gti_1.9_gutmann_t16v_222cv",,,,
"pg_pantera_gr4","8","desc:V8","V8FlatPlane","brand"
"porsche_911_gt3_2022_manual_online","6","desc:6","Boxer","chassis"
"porsche_993_gt","6","chassis","Boxer","chassis"
"porsche_993_gt_s1","6","chassis","Boxer","chassis"
"porsche_vision_960_turismo",,,,
"prvvyx_nissan_350z","6","chassis","V60","chassis"
"prvvy_audi_rs7_23",,,,
"prvvy_bmw_335i_2012","6","desc:6","Inline","chassis"
"prvvy_bmw_f82m4_swim_spec",,,,
"prvvy_bmw_g80_vsgts_spec","6","cylword:6","Inline","chassis"
"prvvy_bmw_m340i_g20_freshhkiicks_tuned",,,,
"prvvy_bmw_m3_f80_comp_single_turbo","6","chassis","Inline","chassis"
"prvvy_bmw_m5cs_2022_tuned",,,,
"prvvy_cadillac_ct5vbw_tuned",,,,
"prvvy_e30_widebody_4rotor_tt","6","chassis","Inline","chassis"
"prvvy_honda_civic_sedan_99","4","chassis","Inline","chassis"
"prvvy_infiniti_q50_red_sport_2020",,,,
"prvvy_lexus_isf_aimgain","8","tag:V8",,
"prvvy_mercedes_benz_e63s_2022","8","desc:V8","V8CrossPlane","chassis"
"prvvy_mlgz_tgn_bmw_m2_g87_tuned",,,,
"prvvy_mustang_2024_tuned","8","tag:v8","V8CrossPlane","chassis"
"prvvy_porsche_911_ta_spec","6","chassis","Boxer","chassis"
"prvvy_porsche_gt3rs_2023_stock","6","chassis","Boxer","chassis"
"prvvy_spec_bmw_m8",,,,
"prvvy_spec_c7","8","chassis","V8CrossPlane","chassis"
"prvvy_trackhawk_spec_quan",,,,
"prvvy_x_tgn_bmw_f81_tuned","6","desc:6","V8CrossPlane","chassis"
"pschd_mazda_rx7_amemiya","-1","rotary","Rotary","rotary-sentinel"
"ps_350z","6","tag:v6","V60","chassis"
"ps_e36","6","tag:i6",,
"public_2012_camaro","8","tag:v8","V8CrossPlane","chassis"
"public_350z","6","tag:v6","V60","chassis"
"public_3v_v2","8","tag:v8","V8CrossPlane","chassis"
"public_c5","8","tag:v8","V8CrossPlane","chassis"
"public_ctsv1","8","tag:v8","V8CrossPlane","brand"
"public_e36","6","tag:i6",,
"public_fbody","8","tag:v8","V8CrossPlane","codename"
"public_g35_coupe_v2","6","tag:v6","V60","chassis"
"public_g35_v2","6","tag:v6","V60","chassis"
"public_gs400_v1","8","tag:v8",,
"public_gto_v5","8","tag:v8","V8CrossPlane","brand"
"public_is300_v2","6","tag:i6",,
"public_newedge2","8","tag:v8","V8CrossPlane","chassis"
"public_rt","8","tag:v8","V8CrossPlane","chassis"
"public_s550_v1","8","tag:v8","V8CrossPlane","chassis"
"public_sc400","6","tag:i6",,
"public_srt8_v2","8","tag:v8","V8CrossPlane","codename"
"public_ss","8","tag:v8","V8CrossPlane","brand"
"public_vic","8","tag:v8","V8CrossPlane","brand"
"public_wbscat","8","tag:v8","V8CrossPlane","codename"
"pxh_1","6","chassis","Inline","chassis"
"pxw_sl_v4",,,,
"rda_mazda_rx7","-1","rotary","Rotary","rotary-sentinel"
"rize_efini_rx7_fd3s_keisuke_1","-1","rotary","Rotary","rotary-sentinel"
"rize_ferrari_f355_challenge_persephone","8","desc:V8","V8FlatPlane","chassis"
"rize_traffic_mazda_rx8_se3p","-1","rotary","Rotary","rotary-sentinel"
"rize_traffic_toyota_celica_supra","6","chassis","Inline","chassis"
"rize_traffic_toyota_fj_cruiser",,,,
"rtm_hennessey_venom_f5",,,,
"rtm_volkswagen_touareg_r50_traffic","10","desc:V10",,
"rtp_honda_integra_dc2_spoon2","4","chassis","Inline","chassis"
"ruf_yellowbird","6","desc:6","Boxer","chassis"
"sa_e63s_pushin_p_tune",,,,
"sa_rs3fbo_pushin_p_tuned",,,,
"set_honda_civic_ek4","4","desc:L4","Inline","chassis"
"shelby_cobra_427sc",,,,
"sh_nissan_rps13","4","codename:\bSR20(?:DET|VE|DE)?\b","Inline","chassis"
"simhq_bt",,,,
"simhq_c4","6","desc:6","V8CrossPlane","chassis"
"simhq_f8x","6","desc:6",,
"simhq_jzx","6","desc:6","Inline","chassis"
"simt_nissan_skyline_gtr_32","6","chassis","Inline","chassis"
"sjbarzcc_g8",,,,
"slang_ferrari_f40",,,,
"slideboizz_bmw_e46_v1.1","6","chassis","Inline","chassis"
"sl_toyota_supra_mkiv_ridox","6","desc:6",,
"snp_zhonghua_zidantou_wangan_spec",,,,
"some1_corvette_c4_zr1_1990","8","desc:V8","V8CrossPlane","codename"
"some1_corvette_c4_zr1_1990_s1","8","codename:\bLT[1-5]\b","V8CrossPlane","codename"
"spear_lamborghini_lp640_veilside",,,,
"spoon_s2000_ap2","4","chassis","Inline","chassis"
"srp_bcnr33_wangan","6","chassis","Inline","chassis"
"srp_honda_s2000_legendary","4","chassis","Inline","chassis"
"srp_mitsubishi_evo_5_kai","4","chassis","Inline","chassis"
"srp_toyota_supra_mkiv_interceptor","6","desc:6",,
"statik_camaro","8","tag:v8","V8CrossPlane","codename"
"streetcarpack_celicc_supra",,,,
"streetcarpack_datsun_510",,,,
"streetcarpack_ek9_typer","4","chassis","Inline","chassis"
"streetcarpack_honda_civic_eg6","4","chassis","Inline","chassis"
"streetcarpack_honda_crx",,,,
"streetcarpack_honda_dc2_typer","4","chassis","Inline","chassis"
"streetcarpack_honda_nsxr","6","chassis","V60","chassis"
"streetcarpack_honda_s2000_ap2","4","chassis","Inline","chassis"
"streetcarpack_mazda_rx7_fc3s","-1","rotary","Rotary","rotary-sentinel"
"streetcarpack_mazda_rx7_fd3s","-1","rotary","Rotary","rotary-sentinel"
"streetcarpack_mazda_rx8","-1","rotary","Rotary","rotary-sentinel"
"streetcarpack_mitsubishi_lancer_evo_gsr",,,,
"streetcarpack_nissan_300zx",,,,
"streetcarpack_nissan_350z","6","chassis","V60","chassis"
"streetcarpack_nissan_r32_gtr","6","chassis","Inline","chassis"
"streetcarpack_nissan_r33_gtr","6","chassis","Inline","chassis"
"streetcarpack_nissan_r34_gtr","6","chassis","Inline","chassis"
"streetcarpack_nissan_rps13_180sx","4","codename:\bSR20(?:DET|VE|DE)?\b","Inline","chassis"
"streetcarpack_nissan_sil80","4","codename:\bSR20(?:DET|VE|DE)?\b","Inline","chassis"
"streetcarpack_nissan_silvia_s13","4","codename:\bSR20(?:DET|VE|DE)?\b","Inline","chassis"
"streetcarpack_nissan_silvia_s14_zenki","4","codename:\bSR20(?:DET|VE|DE)?\b","Inline","chassis"
"streetcarpack_nissan_silvia_s15","4","chassis","Inline","chassis"
"streetcarpack_nissan_skyline_gtr_2000",,,,
"streetcarpack_nissan_skyline_r31","6","chassis","Inline","chassis"
"streetcarpack_subaru_impreza_22b","4","chassis","Boxer","chassis"
"streetcarpack_toyota_gt86","4","chassis","Boxer","chassis"
"streetcarpack_toyota_mr2_sw20",,,,
"streetcarpack_toyota_supra_jza70",,,,
"streetcarpack_toyota_supra_rz",,,,
"streetcarpack_toyota_trueno_ae86","4","chassis","Inline","chassis"
"sts_celica_zzt231","10","desc:V10","V8FlatPlane","chassis"
"subaru_impreza_gc8_sti_typera_v","4","desc:4","Boxer","chassis"
"suzuki_cappuccino_hayabusa_swap",,,,
"swarm_bullet_r32","6","chassis","Inline","chassis"
"swarm_charlie_jzx100",,,,
"swarm_cowdoy_vf",,,,
"swarm_dan_s14","4","chassis","Inline","chassis"
"swarm_delta_fdrx7","-1","rotary","Rotary","rotary-sentinel"
"swarm_dyouknit_z","4","chassis",,
"swarm_fluffs_mx5","4","chassis","Inline","chassis"
"swarm_flyby_gs300",,,,
"swarm_fullagaming_r31",,,,
"swarm_jordi_e46","6","chassis","Inline","chassis"
"swarm_Juliett_a70",,,,
"swarm_lewi_altezza",,,,
"swarm_lhd_darktinman_e36","6","chassis","Inline","chassis"
"swarm_lhd_foxtrot_foxbody",,,,
"swarm_lhd_oscars13","4","chassis","Inline","chassis"
"swarm_lhd_sc300_suzie",,,,
"swarm_lhd_scoobys14","4","chassis","Inline","chassis"
"swarm_lhd_sierra_s15","4","chassis","Inline","chassis"
"swarm_lhd_uzi_fc1uz",,,,
"swarm_lhd_victor_c5","8","chassis","V8CrossPlane","chassis"
"swarm_lhd_zulu_350z","6","chassis","V60","chassis"
"swarm_maniac_300zx",,,,
"swarm_max_e46","6","chassis","Inline","chassis"
"swarm_mitty_cefiro","6","chassis","Inline","chassis"
"swarm_narraz_rbs13",,,,
"swarm_nelson_stagea","6","chassis","Inline","chassis"
"swarm_sam_r32","6","chassis","Inline","chassis"
"swarm_smokey_jzx81","6","chassis","Inline","chassis"
"swarm_tbzstyle_s13","4","chassis","Inline","chassis"
"swarm_ticklles_e46","6","chassis","Inline","chassis"
"sw_porsche_991_turbo_sport_2017","6","chassis","Boxer","chassis"
"tando_buddies_180sx","4","codename:\bSR20(?:DET|VE|DE)?\b","Inline","chassis"
"tando_buddies_350z","6","chassis","V60","chassis"
"tando_buddies_cresta","6","codename:\b2JZ(?:[-\s]?GTE|[-\s]?GE)?\b","Inline","chassis"
"tando_buddies_e36","6","chassis","Inline","chassis"
"tando_buddies_er34",,,,
"tando_buddies_jzx100","6","chassis","Inline","chassis"
"tando_buddies_laurel","6","codename:\bRB2[567](?:DET{1,2})?\b","Inline","chassis"
"tando_buddies_rx7","4","chassis","Inline","chassis"
"tando_buddies_s14","4","codename:\bSR20(?:DET|VE|DE)?\b","V8CrossPlane","codename"
"tando_buddies_s15","4","chassis","Inline","chassis"
"tando_buddies_verossa",,,,
"tando_buddies_z32","6","chassis","V60","chassis"
"tando_buddies_zenki_stock_hood","4","chassis","Inline","chassis"
"tatuusfa1",,,,
"tgn_bmw_m3_e90_2012_tuned","6","chassis","Inline","chassis"
"tgn_bmw_m4_g82_tuned","6","chassis","Inline","chassis"
"tgn_bmw_m6_gran_coupe_prvvy","8","desc:V8","Inline","chassis"
"tgn_chevrolet_camaro_z28_nohesi","8","desc:V8","V8CrossPlane","codename"
"tgn_infiniti_g37_prvvy",,,,
"tgn_lexus_rcft",,,,
"tgn_mercedes_benz_amg_gtr","8","desc:V8","V8CrossPlane","chassis"
"tgn_mercedes_benz_cls63_amg_brabus","6","desc:6",,
"tgn_prvvy_x3m_2022","6","cylword:6",,
"tgn_smart_nypd_cruiser","6","chassis","Boxer","chassis"
"tgn_x_prvvy_bmw_m340i_g20","6","chassis","Inline","chassis"
"tgyslo_honda_beat","3","cylword:3",,
"tgyslo_honda_integra_dc2_acura","4","chassis","Inline","chassis"
"tgyslo_toyota_ae86_shinji","4","codename:\b4[AG][-\s]?GE\b","Inline","chassis"
"tnt_hv_bmw_csi_m6",,,,
"tommykaira_zzs_pub",,,,
"toy_celica_cs",,,,
"toy_celica_rs",,,,
"traffic_aegis_airport_bus",,,,
"traffic_aegis_daihatsu_copen",,,,
"traffic_aegis_izuzu_npr",,,,
"traffic_aegis_izuzu_npr_box",,,,
"traffic_aegis_mazda_cx3",,,,
"traffic_aegis_subaru_levorg",,,,
"traffic_aegis_suzuki_alto_works",,,,
"traffic_aegis_toyota_markii_taxi","6","chassis","Inline","chassis"
"traffic_aegis_toyota_prius",,,,
"traffic_aegis_toyota_vellfire",,,,
"traffic_aegis_ud_quon",,,,
"traffic_alfa_159",,,,
"traffic_alfa_159_v2",,,,
"traffic_alfa_mito",,,,
"traffic_audi_a4",,,,
"traffic_audi_a4_eu",,,,
"traffic_audi_a4_jp",,,,
"traffic_beetleboi",,,,
"traffic_cadillac_escalade",,,,
"traffic_chevy_imp",,,,
"traffic_chevy_imp_v2",,,,
"traffic_crown_vic",,,,
"traffic_crown_vic_v2",,,,
"traffic_dodge_challenger_srt","8","chassis","V8CrossPlane","chassis"
"traffic_dodge_challenger_srt_v2","8","chassis","V8CrossPlane","chassis"
"traffic_dodge_grand_caravan_taxi",,,,
"traffic_dx_lm",,,,
"traffic_f&f_truck",,,,
"traffic_isuzu_flatbed",,,,
"traffic_isuzu_hauler",,,,
"traffic_isuzu_haulerb",,,,
"traffic_isuzu_npr",,,,
"traffic_isuzu_nprusa",,,,
"traffic_isuzu_tanker",,,,
"traffic_levorg_lm",,,,
"traffic_nissan_leaf",,,,
"traffic_pajero_lm",,,,
"traffic_pp_accord",,,,
"traffic_pp_c63",,,,
"traffic_pp_cappucino",,,,
"traffic_pp_e60",,,,
"traffic_pp_flatbed",,,,
"traffic_pp_focus_rs",,,,
"traffic_pp_gti",,,,
"traffic_pp_hiace",,,,
"traffic_pp_mugenhonda",,,,
"traffic_pp_rx8","-1","rotary","Rotary","rotary-sentinel"
"traffic_pp_speed3",,,,
"traffic_pp_sti_04","4","chassis","Boxer","chassis"
"traffic_pp_sti_wrx","4","chassis","Boxer","chassis"
"traffic_pp_z","6","chassis","V60","chassis"
"traffic_range_rover_ss",,,,
"traffic_range_rover_ss_v2",,,,
"traffic_t440_lm",,,,
"traffic_toyota_camry",,,,
"traffic_toyota_prius",,,,
"traffic_toyota_priuseu",,,,
"traffic_toyota_priususa",,,,
"traffic_toyota_rav4",,,,
"traffic_volvo_v70",,,,
"traffic_volvo_v70jp",,,,
"traffic_volvo_v70_v2",,,,
"TrailblazerSS","8","tag:v8","V8CrossPlane","codename"
"trvbl_2105_drift",,,,
"twodogscrovettec6v2","8","chassis","V8CrossPlane","chassis"
"tw_honda_civic_eg6","4","chassis","Inline","chassis"
"tw_nissan_sil80","4","chassis","Inline","chassis"
"vallejopd_interceptor",,,,
"vdc_bmw_e46_public","8","desc:V8","Inline","chassis"
"vdc_bmw_e92_public","6","codename:\bB58\b","Inline","chassis"
"vdc_bmw_f22_hgk_public","8","desc:V8","V8CrossPlane","brand"
"vdc_chevrolet_corvette_public","8","chassis","V8CrossPlane","chassis"
"vdc_mazda_rx7_20b_public","-1","rotary","Rotary","rotary-sentinel"
"vdc_mazda_rx8_public","-1","rotary","Rotary","rotary-sentinel"
"vdc_mitsubishi_evo_x_public","8","desc:V8","Inline","chassis"
"vdc_nissan_gtr_35_public",,,,
"vdc_nissan_ps13_public","4","chassis","Inline","chassis"
"vdc_nissan_r33_public","6","codename:\b2JZ(?:[-\s]?GTE|[-\s]?GE)?\b","Inline","chassis"
"vdc_nissan_s14_zenki_public","4","codename:\bSR20(?:DET|VE|DE)?\b","Inline","chassis"
"vdc_nissan_s15_public","6","codename:\bRB2[567](?:DET{1,2})?\b","Inline","chassis"
"vdc_nissan_s15_public_2jz","6","codename:\b2JZ(?:[-\s]?GTE|[-\s]?GE)?\b","Inline","chassis"
"vdc_nissan_silvia_180sx_public","8","desc:V8","Inline","chassis"
"vdc_nissan_z_public",,,,
"vdc_shelby_supersnake_public","8","chassis","V8CrossPlane","chassis"
"vdc_toyota_gt86_public","6","codename:\b2JZ(?:[-\s]?GTE|[-\s]?GE)?\b","Boxer","chassis"
"vdc_toyota_jzx100_markii_public","6","codename:\b2JZ(?:[-\s]?GTE|[-\s]?GE)?\b","Inline","chassis"
"vdc_toyota_supra_mkiii_public","6","codename:\b2JZ(?:[-\s]?GTE|[-\s]?GE)?\b",,
"vdc_toyota_supra_mkv_public","6","codename:\bB58\b","Inline","chassis"
"VersedSingleCab",,,,
"vip_c6z06","8","tag:v8","V8CrossPlane","chassis"
"vip_c7_v2","8","tag:v8","V8CrossPlane","codename"
"vip_cateye_v2","8","tag:v8","V8CrossPlane","codename"
"vip_ctsv3",,,,
"vip_ctsvcoupe","8","tag:v8","V8CrossPlane","codename"
"vip_fox","8","tag:v8","V8CrossPlane","codename"
"vip_g8gt_v2","8","tag:v8","V8CrossPlane","brand"
"vip_hellcat","8","codename:\bHellcat\b","V8CrossPlane","codename"
"vip_miata","4","tag:i4","Inline","chassis"
"vip_s197","8","chassis","V8CrossPlane","chassis"
"vip_s550","8","tag:v8","V8CrossPlane","chassis"
"vip_scatpack","8","tag:v8","V8CrossPlane","codename"
"vip_v2_sedan","8","codename:\bLS[1-9]X?\b","V8CrossPlane","codename"
"vip_ws6","8","tag:v8","V8CrossPlane","codename"
"vip_zl1","8","chassis","V8CrossPlane","chassis"
"wdts_nissan_180sx","4","codename:\bSR20(?:DET|VE|DE)?\b","Inline","chassis"
"wdts_nissan_laurel_c33","6","codename:\bRB2[567](?:DET{1,2})?\b","Inline","chassis"
"wdts_nissan_silvia_s13","4","codename:\bSR20(?:DET|VE|DE)?\b","Inline","chassis"
"wdts_nissan_silvia_s14","4","codename:\bSR20(?:DET|VE|DE)?\b","Inline","chassis"
"wdts_nissan_silvia_s15","4","codename:\bSR20(?:DET|VE|DE)?\b","Inline","chassis"
"wdts_nissan_skyline_hr34","6","codename:\bRB2[567](?:DET{1,2})?\b","Inline","chassis"
"wdts_nissan_skyline_r32","6","codename:\bRB2[567](?:DET{1,2})?\b","Inline","chassis"
"wdts_toyota_ae86","4","codename:\b4[AG][-\s]?GE\b","Inline","chassis"
"wdts_toyota_cresta_jzx100","6","codename:\b1JZ(?:[-\s]?GTE|[-\s]?GE)?\b","Inline","chassis"
"wdts_toyota_mark_ii_jzx90","6","codename:\b1JZ(?:[-\s]?GTE|[-\s]?GE)?\b","Inline","chassis"
"wdts_toyota_soarer","6","chassis","Inline","chassis"
"wlf_mitsubishi_fto","6","tag:V6",,
"wm_mazda_rx7_fd_rgo","6","chassis","Rotary","tag"
"wm_nissan_fairlady_z_s30","6","chassis","V60","chassis"
"wm_nissan_s15","4","chassis","Inline","chassis"
"wm_porsche_911_930","6","chassis","Inline","chassis"
"woo_ss","8","tag:v8","V8CrossPlane","brand"
"ybfavbarber_g8","8","tag:v8","V8CrossPlane","brand"
"yg_mitsubishi_lancer_evolution_9_varis","4","codename:\b4G6[34]\b","Inline","chassis"
