"Ordinal","Year","Make","Model","Cylinders","IsElectric","IsRotary","EngineLayout","DisplayName"
"247","1969","Toyota","2000GT","6","False","False","Inline","1969 Toyota 2000GT"
"249","1962","Ferrari","250 GTO","12","False","False","V","1962 Ferrari 250 GTO"
"251","1954","Mercedes-Benz","300 SL Coupe","6","False","False","Inline","1954 Mercedes-Benz 300 SL Coupe"
"253","1994","Ferrari","F355 Berlinetta","8","False","False","V","1994 Ferrari F355 Berlinetta"
"255","1992","Ferrari","512 TR","12","False","False","Flat","1992 Ferrari 512 TR"
"257","2002","Ferrari","575M Maranello","12","False","False","V","2002 Ferrari 575M Maranello"
"260","1973","Porsche","911 Carrera RS","6","False","False","Flat","1973 Porsche 911 Carrera RS"
"261","1995","Porsche","911 GT2","6","False","False","Flat","1995 Porsche 911 GT2"
"262","2004","Porsche","911 GT3","6","False","False","Flat","2004 Porsche 911 GT3"
"265","1982","Porsche","911 Turbo 3.3","6","False","False","Flat","1982 Porsche 911 Turbo 3.3"
"266","1970","Porsche","914/6","6","False","False","Flat","1970 Porsche 914/6"
"268","1989","Porsche","944 Turbo","4","False","False","Inline","1989 Porsche 944 Turbo"
"269","1987","Porsche","959.0","6","False","False","Flat","1987 Porsche 959.0"
"281","1968","Plymouth","Barracuda Formula-S","8","False","False","V","1968 Plymouth Barracuda Formula-S"
"289","1969","Chevrolet","Camaro Super Sport Coupe","8","False","False","V","1969 Chevrolet Camaro Super Sport Coupe"
"291","1990","Vauxhall","Lotus Carlton","6","False","False","Inline","1990 Vauxhall Lotus Carlton"
"292","2003","Porsche","Carrera GT","10","False","False","V","2003 Porsche Carrera GT"
"294","2002","Koenigsegg","CC8S","8","False","False","V","2002 Koenigsegg CC8S"
"295","2003","Toyota","Celica Sport Specialty II","4","False","False","Inline","2003 Toyota Celica Sport Specialty II"
"296","1998","TVR","Cerbera Speed 12","12","False","False","V","1998 TVR Cerbera Speed 12"
"297","2003","Ferrari","360 Challenge Stradale","8","False","False","V","2003 Ferrari 360 Challenge Stradale"
"299","1970","Chevrolet","Chevelle Super Sport 454","8","False","False","V","1970 Chevrolet Chevelle Super Sport 454"
"302","2004","Honda","Civic Type-R","4","False","False","Inline","2004 Honda Civic Type-R"
"306","1965","Shelby","Cobra 427 S/C","8","False","False","V","1965 Shelby Cobra 427 S/C"
"309","1995","Volkswagen","Corrado VR6","6","False","False","V","1995 Volkswagen Corrado VR6"
"312","1967","Chevrolet","Corvette Stingray 427","8","False","False","V","1967 Chevrolet Corvette Stingray 427"
"314","2002","Chevrolet","Corvette Z06","8","False","False","V","2002 Chevrolet Corvette Z06"
"315","1970","Chevrolet","Corvette ZR-1","8","False","False","V","1970 Chevrolet Corvette ZR-1"
"316","1988","Lamborghini","Countach LP5000 QV","12","False","False","V","1988 Lamborghini Countach LP5000 QV"
"320","1991","Honda","CR-X SiR","4","False","False","Inline","1991 Honda CR-X SiR"
"323","1992","Lancia","Delta HF Integrale EVO","4","False","False","Inline","1992 Lancia Delta HF Integrale EVO"
"324","1999","Lamborghini","Diablo GTR","12","False","False","V","1999 Lamborghini Diablo GTR"
"325","1997","Lamborghini","Diablo SV","12","False","False","V","1997 Lamborghini Diablo SV"
"326","1969","Ferrari","Dino 246 GT","6","False","False","V","1969 Ferrari Dino 246 GT"
"327","1995","Mitsubishi","Eclipse GSX","4","False","False","Inline","1995 Mitsubishi Eclipse GSX"
"330","1971","Lotus","Elan Sprint","4","False","False","Inline","1971 Lotus Elan Sprint"
"333","2002","Ferrari","Enzo Ferrari","12","False","False","V","2002 Ferrari Enzo Ferrari"
"335","2002","Lotus","Esprit V8","8","False","False","V","2002 Lotus Esprit V8"
"336","1961","Jaguar","E-type","6","False","False","Inline","1961 Jaguar E-type"
"338","1997","McLaren","F1 GT","12","False","False","V","1997 McLaren F1 GT"
"340","1987","Ferrari","F40","8","False","False","V","1987 Ferrari F40"
"342","1995","Ferrari","F50","12","False","False","V","1995 Ferrari F50"
"343","1969","Nissan","Fairlady Z 432","6","False","False","Inline","1969 Nissan Fairlady Z 432"
"344","2003","Nissan","Fairlady Z","6","False","False","V","2003 Nissan Fairlady Z"
"345","1994","Nissan","Fairlady Z Version S Twin Turbo","6","False","False","V","1994 Nissan Fairlady Z Version S Twin Turbo"
"348","2005","Ford","GT","8","False","False","V","2005 Ford GT"
"349","1998","Nissan","R390 (GT1)","8","False","False","V","1998 Nissan R390 (GT1)"
"353","1992","Volkswagen","Golf Gti 16v Mk2","4","False","False","Inline","1992 Volkswagen Golf Gti 16v Mk2"
"354","2003","Volkswagen","Golf R32 ","6","False","False","V","2003 Volkswagen Golf R32"
"357","1997","Mitsubishi","GTO","6","False","False","V","1997 Mitsubishi GTO"
"358","1984","Ferrari","288 GTO","8","False","False","V","1984 Ferrari 288 GTO"
"363","1998","SUBARU","Impreza 22B-STi Version","4","False","False","Flat","1998 SUBARU Impreza 22B-STi Version"
"364","2004","SUBARU","Impreza WRX STi","4","False","False","Flat","2004 SUBARU Impreza WRX STi"
"365","2005","SUBARU","Impreza WRX STi","4","False","False","Flat","2005 SUBARU Impreza WRX STi"
"368","2001","Acura","Integra Type-R","4","False","False","Inline","2001 Acura Integra Type-R"
"374","2006","Mitsubishi","Lancer Evolution IX MR","4","False","False","Inline","2006 Mitsubishi Lancer Evolution IX MR"
"375","1999","Mitsubishi","Lancer Evolution VI GSR","4","False","False","Inline","1999 Mitsubishi Lancer Evolution VI GSR"
"378","2004","Mitsubishi","Lancer Evolution VIII MR","4","False","False","Inline","2004 Mitsubishi Lancer Evolution VIII MR"
"382","1997","BMW","M3","6","False","False","Inline","1997 BMW M3"
"383","2005","BMW","M3","6","False","False","Inline","2005 BMW M3"
"397","2005","Vauxhall","Monaro VXR","8","False","False","V","2005 Vauxhall Monaro VXR"
"398","1995","Toyota","MR2 GT","4","False","False","Inline","1995 Toyota MR2 GT"
"405","2000","Ford","SVT Cobra R","8","False","False","V","2000 Ford SVT Cobra R"
"411","2005","Honda","NSX-R","6","False","False","V","2005 Honda NSX-R"
"412","1992","Honda","NSX-R","6","False","False","V","1992 Honda NSX-R"
"417","1970","Buick","GSX","8","False","False","V","1970 Buick GSX"
"419","2006","Audi","RS 4","8","False","False","V","2006 Audi RS 4"
"420","2003","Audi","RS 6","8","False","False","V","2003 Audi RS 6"
"422","2002","Acura","RSX Type-S","4","False","False","Inline","2002 Acura RSX Type-S"
"423","1990","Mazda","Savanna RX-7","4","False","True","Rotary","1990 Mazda Savanna RX-7"
"424","1997","Mazda","RX-7","4","False","True","Rotary","1997 Mazda RX-7"
"425","2002","Mazda","RX-7 Spirit R Type-A","4","False","True","Rotary","2002 Mazda RX-7 Spirit R Type-A"
"427","2003","Honda","S2000","4","False","False","Inline","2003 Honda S2000"
"432","2004","Saleen","S7","8","False","False","V","2004 Saleen S7"
"433","2005","TVR","Sagaris","6","False","False","Inline","2005 TVR Sagaris"
"439","1992","Nissan","Silvia CLUB K's","4","False","False","Inline","1992 Nissan Silvia CLUB K's"
"440","1994","Nissan","Silvia K's","4","False","False","Inline","1994 Nissan Silvia K's"
"441","2000","Nissan","Silvia Spec-R","4","False","False","Inline","2000 Nissan Silvia Spec-R"
"444","1993","Nissan","Skyline GT-R V-Spec","6","False","False","Inline","1993 Nissan Skyline GT-R V-Spec"
"445","2002","Nissan","Skyline GT-R V-Spec II","6","False","False","Inline","2002 Nissan Skyline GT-R V-Spec II"
"455","1985","Toyota","Sprinter Trueno GT Apex","4","False","False","Inline","1985 Toyota Sprinter Trueno GT Apex"
"458","1974","Lancia","Stratos HF Stradale","6","False","False","V","1974 Lancia Stratos HF Stradale"
"460","1992","Toyota","Supra 2.0 GT","6","False","False","Inline","1992 Toyota Supra 2.0 GT"
"461","1998","Toyota","Supra RZ","6","False","False","Inline","1998 Toyota Supra RZ"
"483","1999","Dodge","Viper GTS ACR","10","False","False","V","1999 Dodge Viper GTS ACR"
"489","1993","Jaguar","XJ220","6","False","False","V","1993 Jaguar XJ220"
"513","1969","Dodge","Charger R/T","8","False","False","V","1969 Dodge Charger R/T"
"565","2002","BMW","M3-GTR","8","False","False","V","2002 BMW M3-GTR"
"567","1998","Nissan","Silvia K's Aero","4","False","False","Inline","1998 Nissan Silvia K's Aero"
"568","1998","Mercedes-Benz","AMG CLK GTR Forza Edition","12","False","False","V","1998 Mercedes-Benz AMG CLK GTR Forza Edition"
"569","2005","Honda","NSX-R GT","6","False","False","V","2005 Honda NSX-R GT"
"615","2007","Peugeot","207 Super 2000","4","False","False","Inline","2007 Peugeot 207 Super 2000"
"625","2007","Honda","Civic Type-R ","4","False","False","Inline","2007 Honda Civic Type-R"
"633","1983","Audi","Sport quattro","5","False","False","Inline","1983 Audi Sport quattro"
"634","1980","Renault","5 Turbo","4","False","False","Inline","1980 Renault 5 Turbo"
"637","1967","Lamborghini","Miura P400","12","False","False","V","1967 Lamborghini Miura P400"
"639","1970","Dodge","Challenger R/T","8","False","False","V","1970 Dodge Challenger R/T"
"641","1997","Toyota","Soarer 2.5 GT-T","6","False","False","Inline","1997 Toyota Soarer 2.5 GT-T"
"642","1991","BMW","M3","4","False","False","Inline","1991 BMW M3"
"1005","1973","Pontiac","Firebird Trans Am SD-455","8","False","False","V","1973 Pontiac Firebird Trans Am SD-455"
"1006","2005","Ferrari","FXX","12","False","False","V","2005 Ferrari FXX"
"1007","2008","Koenigsegg","CCGT","8","False","False","V","2008 Koenigsegg CCGT"
"1009","2008","Mitsubishi","Lancer Evolution X GSR","4","False","False","Inline","2008 Mitsubishi Lancer Evolution X GSR"
"1011","2008","BMW","M3","8","False","False","V","2008 BMW M3"
"1020","1996","Ferrari","F50 GT","12","False","False","V","1996 Ferrari F50 GT"
"1022","2007","Ferrari","430 Scuderia","8","False","False","V","2007 Ferrari 430 Scuderia"
"1023","1989","Ferrari","F40 Competizione","8","False","False","V","1989 Ferrari F40 Competizione"
"1032","2007","Alfa Romeo","8C Competizione","8","False","False","V","2007 Alfa Romeo 8C Competizione"
"1034","1994","Toyota","Celica GT-Four ST205","4","False","False","Inline","1994 Toyota Celica GT-Four ST205"
"1040","1981","BMW","M1","6","False","False","Inline","1981 BMW M1"
"1041","1993","Ford","SVT Cobra R","8","False","False","V","1993 Ford SVT Cobra R"
"1042","1971","Nissan","Skyline 2000GT-R","6","False","False","Inline","1971 Nissan Skyline 2000GT-R"
"1043","1997","Nissan","Skyline GT-R V-Spec","6","False","False","Inline","1997 Nissan Skyline GT-R V-Spec"
"1045","1987","Pontiac","Firebird Trans Am GTA","8","False","False","V","1987 Pontiac Firebird Trans Am GTA"
"1046","2008","Dodge","Viper SRT10 ACR","10","False","False","V","2008 Dodge Viper SRT10 ACR"
"1059","2008","BMW","Z4 M Coupe","6","False","False","Inline","2008 BMW Z4 M Coupe"
"1060","2008","SUBARU","Impreza WRX STI","4","False","False","Flat","2008 SUBARU Impreza WRX STI"
"1063","1969","Dodge","Charger Daytona HEMI","8","False","False","V","1969 Dodge Charger Daytona HEMI"
"1064","1979","Chevrolet","Camaro Z28","8","False","False","V","1979 Chevrolet Camaro Z28"
"1069","2009","Chevrolet","Corvette ZR1","8","False","False","V","2009 Chevrolet Corvette ZR1"
"1081","2008","Aston Martin","DBS","12","False","False","V","2008 Aston Martin DBS"
"1086","2009","Ford","Focus RS","5","False","False","Inline","2009 Ford Focus RS"
"1090","2009","Mercedes-Benz","SL 65 AMG Black Series","12","False","False","V","2009 Mercedes-Benz SL 65 AMG Black Series"
"1093","1960","Chevrolet","Corvette","8","False","False","V","1960 Chevrolet Corvette"
"1098","2009","MINI","John Cooper Works","4","False","False","Inline","2009 MINI John Cooper Works"
"1103","2010","Nissan","370Z","6","False","False","V","2010 Nissan 370Z"
"1104","1970","Datsun","510.0","4","False","False","Inline","1970 Datsun 510.0"
"1105","1964","Aston Martin","DB5","6","False","False","Inline","1964 Aston Martin DB5"
"1108","1985","Ford","RS200 Evolution","4","False","False","Inline","1985 Ford RS200 Evolution"
"1110","1994","Mazda","MX-5 Miata","4","False","False","Inline","1994 Mazda MX-5 Miata"
"1124","1980","Abarth","Fiat 131","4","False","False","Inline","1980 Abarth Fiat 131"
"1125","2008","Lamborghini","Reventon","12","False","False","V","2008 Lamborghini Reventon"
"1126","2009","BMW","M5","10","False","False","V","2009 BMW M5"
"1130","2011","Mercedes-Benz","SLS AMG","8","False","False","V","2011 Mercedes-Benz SLS AMG"
"1131","2009","Ferrari","458 Italia","8","False","False","V","2009 Ferrari 458 Italia"
"1150","1965","Alfa Romeo","Giulia Sprint GTA Stradale","4","False","False","Inline","1965 Alfa Romeo Giulia Sprint GTA Stradale"
"1154","1957","Ferrari","250 Testa Rossa","12","False","False","V","1957 Ferrari 250 Testa Rossa"
"1155","1965","Shelby","Cobra Daytona Coupe","8","False","False","V","1965 Shelby Cobra Daytona Coupe"
"1171","2010","Ferrari","599XX","12","False","False","V","2010 Ferrari 599XX"
"1173","2010","Lamborghini","Murcielago LP 670-4 SV","12","False","False","V","2010 Lamborghini Murcielago LP 670-4 SV"
"1175","2010","Pagani","Zonda R","12","False","False","V","2010 Pagani Zonda R"
"1181","2010","Aston Martin","One-77","12","False","False","V","2010 Aston Martin One-77"
"1184","2009","Audi","RS 6","10","False","False","V","2009 Audi RS 6"
"1187","2009","Lotus","2-Eleven","4","False","False","Inline","2009 Lotus 2-Eleven"
"1202","2011","Penhall","The Cholla","4","False","False","Inline","2011 Penhall The Cholla"
"1204","2010","Renault","Megane R.S. 250","4","False","False","Inline","2010 Renault Megane R.S. 250"
"1216","2011","Audi","RS 3 Sportback","5","False","False","Inline","2011 Audi RS 3 Sportback"
"1219","1992","Bugatti","EB110 Super Sport","12","False","False","V","1992 Bugatti EB110 Super Sport"
"1220","2010","Audi","TT RS Coupe","5","False","False","Inline","2010 Audi TT RS Coupe"
"1231","2010","Volkswagen","Golf R","4","False","False","Inline","2010 Volkswagen Golf R"
"1234","2010","Porsche","911 Sport Classic","6","False","False","Flat","2010 Porsche 911 Sport Classic"
"1248","2010","Rossion","Q1","6","False","False","V","2010 Rossion Q1"
"1253","2010","Mosler","MT900S","8","False","False","V","2010 Mosler MT900S"
"1260","2010","Lexus","LFA","10","False","False","V","2010 Lexus LFA"
"1264","2010","Renault","Clio R.S.","4","False","False","Inline","2010 Renault Clio R.S."
"1267","1971","AMC","Javelin AMX","8","False","False","V","1971 AMC Javelin AMX"
"1268","2002","BMW","Z3 M Coupe","6","False","False","Inline","2002 BMW Z3 M Coupe"
"1269","1973","BMW","2002 Turbo","4","False","False","Inline","1973 BMW 2002 Turbo"
"1270","1982","DeLorean","DMC-12","6","False","False","V","1982 DeLorean DMC-12"
"1271","1957","Ferrari","250 California","12","False","False","V","1957 Ferrari 250 California"
"1272","1992","Ford","Escort RS Cosworth","4","False","False","Inline","1992 Ford Escort RS Cosworth"
"1273","1997","Honda","Civic Type R","4","False","False","Inline","1997 Honda Civic Type R"
"1275","2006","Koenigsegg","CCX","8","False","False","V","2006 Koenigsegg CCX"
"1276","1977","Pontiac","Firebird Trans Am","8","False","False","V","1977 Pontiac Firebird Trans Am"
"1277","1971","Plymouth","Cuda 426 Hemi","8","False","False","V","1971 Plymouth Cuda 426 Hemi"
"1278","1973","Ford","XB Falcon GT","8","False","False","V","1973 Ford XB Falcon GT"
"1281","1955","Porsche","550A Spyder","4","False","False","Flat","1955 Porsche 550A Spyder"
"1282","1993","Nissan","240SX SE","4","False","False","Inline","1993 Nissan 240SX SE"
"1285","1965","Pontiac","GTO","8","False","False","V","1965 Pontiac GTO"
"1290","1986","BMW","M635CSi","6","False","False","Inline","1986 BMW M635CSi"
"1291","1970","Chevrolet","El Camino Super Sport 454","8","False","False","V","1970 Chevrolet El Camino Super Sport 454"
"1293","1987","Ford","Sierra Cosworth RS500","4","False","False","Inline","1987 Ford Sierra Cosworth RS500"
"1294","1991","GMC","Syclone","6","False","False","V","1991 GMC Syclone"
"1295","1982","Lancia","037 Stradale","4","False","False","Inline","1982 Lancia 037 Stradale"
"1296","1990","Mercedes-Benz","190E 2.5-16 Evolution II","4","False","False","Inline","1990 Mercedes-Benz 190E 2.5-16 Evolution II"
"1297","1988","Mitsubishi","Starion ESI-R","4","False","False","Inline","1988 Mitsubishi Starion ESI-R"
"1299","1983","Volvo","242 Turbo Evolution","4","False","False","Inline","1983 Volvo 242 Turbo Evolution"
"1300","1964","Chevrolet","Impala Super Sport 409","8","False","False","V","1964 Chevrolet Impala Super Sport 409"
"1301","1956","Jaguar","D-Type","6","False","False","Inline","1956 Jaguar D-Type"
"1302","1977","Ford","Escort RS1800","4","False","False","Inline","1977 Ford Escort RS1800"
"1304","2010","Maserati","Gran Turismo S","8","False","False","V","2010 Maserati Gran Turismo S"
"1309","1965","Peel","Trident","1","False","False","Single","1965 Peel Trident"
"1314","1993","McLaren","F1","12","False","False","V","1993 McLaren F1"
"1318","1968","Ferrari","365 GTB/4","12","False","False","V","1968 Ferrari 365 GTB/4"
"1319","2010","Ferrari","599 GTO","12","False","False","V","2010 Ferrari 599 GTO"
"1322","2011","Lamborghini","Sesto Elemento","10","False","False","V","2011 Lamborghini Sesto Elemento"
"1323","2011","Volkswagen","Scirocco R","4","False","False","Inline","2011 Volkswagen Scirocco R"
"1328","2011","Ford","F-150 SVT Raptor","8","False","False","V","2011 Ford F-150 SVT Raptor"
"1329","1987","Buick","Regal GNX","6","False","False","V","1987 Buick Regal GNX"
"1330","1970","Chevrolet","Camaro Z28","8","False","False","V","1970 Chevrolet Camaro Z28"
"1332","1968","Dodge","Dart HEMI Super Stock","8","False","False","V","1968 Dodge Dart HEMI Super Stock"
"1334","1980","Lotus","Esprit Turbo","4","False","False","Inline","1980 Lotus Esprit Turbo"
"1338","1968","Pontiac","Firebird","8","False","False","V","1968 Pontiac Firebird"
"1345","2006","HUMMER","H1 Alpha","8","False","False","V","2006 HUMMER H1 Alpha"
"1350","2011","BMW","X5 M","8","False","False","V","2011 BMW X5 M"
"1351","1997","Lexus","SC300","6","False","False","Inline","1997 Lexus SC300"
"1352","1970","Dodge","Coronet Super Bee","8","False","False","V","1970 Dodge Coronet Super Bee"
"1354","1966","Chevrolet","Nova Super Sport","8","False","False","V","1966 Chevrolet Nova Super Sport"
"1355","1965","Ford","Mustang GT Coupe","8","False","False","V","1965 Ford Mustang GT Coupe"
"1367","2003","BMW","M5","8","False","False","V","2003 BMW M5"
"1368","1988","BMW","M5","6","False","False","Inline","1988 BMW M5"
"1369","2009","Pagani","Zonda Cinque Roadster","12","False","False","V","2009 Pagani Zonda Cinque Roadster"
"1370","1995","Audi","Avant RS 2","5","False","False","Inline","1995 Audi Avant RS 2"
"1372","1930","Bentley","8 Litre","6","False","False","Inline","1930 Bentley 8 Litre"
"1376","1999","Lotus","Elise Series 1 Sport 190","4","False","False","Inline","1999 Lotus Elise Series 1 Sport 190"
"1379","1996","Chevrolet","Impala Super Sport","8","False","False","V","1996 Chevrolet Impala Super Sport"
"1380","1981","Volkswagen","Scirocco S","4","False","False","Inline","1981 Volkswagen Scirocco S"
"1381","1992","Mitsubishi","Galant VR-4","4","False","False","Inline","1992 Mitsubishi Galant VR-4"
"1382","1990","SUBARU","Legacy RS","4","False","False","Flat","1990 SUBARU Legacy RS"
"1383","1998","Volkswagen","Gti VR6 Mk3","6","False","False","V","1998 Volkswagen Gti VR6 Mk3"
"1385","2011","BMW","1 Series M Coupe","6","False","False","Inline","2011 BMW 1 Series M Coupe"
"1386","1958","Aston Martin","DBR1","6","False","False","Inline","1958 Aston Martin DBR1"
"1387","1998","Mercedes-Benz","AMG CLK GTR","12","False","False","V","1998 Mercedes-Benz AMG CLK GTR"
"1388","2012","Eagle (U.K.)","Speedster","6","False","False","Inline","2012 Eagle (U.K.) Speedster"
"1392","2011","Lamborghini","Sesto Elemento Forza Edition","10","False","False","V","2011 Lamborghini Sesto Elemento Forza Edition"
"1393","1992","Alfa Romeo","155 Q4 ","4","False","False","Inline","1992 Alfa Romeo 155 Q4"
"1394","1992","GMC","Typhoon","6","False","False","V","1992 GMC Typhoon"
"1395","1989","Toyota","MR2 SC","4","False","False","Inline","1989 Toyota MR2 SC"
"1397","2011","Lamborghini","Gallardo LP 570-4 Superleggera","10","False","False","V","2011 Lamborghini Gallardo LP 570-4 Superleggera"
"1398","2012","Lamborghini","Gallardo LP 570-4 Spyder Performante","10","False","False","V","2012 Lamborghini Gallardo LP 570-4 Spyder Performante"
"1417","2011","Audi","RS 5 Coupe","8","False","False","V","2011 Audi RS 5 Coupe"
"1418","1995","BMW","M5","6","False","False","Inline","1995 BMW M5"
"1426","2011","McLaren","12C CoupÃ©","8","False","False","V","2011 McLaren 12C CoupÃ©"
"1427","2012","Porsche","911 GT2 RS","6","False","False","Flat","2012 Porsche 911 GT2 RS"
"1428","2012","Ascari","KZ1R","8","False","False","V","2012 Ascari KZ1R"
"1429","1969","Chevrolet","Nova Super Sport 396","8","False","False","V","1969 Chevrolet Nova Super Sport 396"
"1435","1963","Volkswagen","Beetle","4","False","False","Flat","1963 Volkswagen Beetle"
"1451","2012","BMW","M5","8","False","False","V","2012 BMW M5"
"1459","1957","Chevrolet","Bel Air","8","False","False","V","1957 Chevrolet Bel Air"
"1460","2011","Ford","Transit SuperSportVan","5","False","False","Inline","2011 Ford Transit SuperSportVan"
"1477","2011","Hot Wheels","Bone Shaker","8","False","False","V","2011 Hot Wheels Bone Shaker"
"1478","1986","Audi","#2 Audi Sport quattro S1","5","False","False","Inline","1986 Audi #2 Audi Sport quattro S1"
"1482","1973","AMC","Gremlin X","8","False","False","V","1973 AMC Gremlin X"
"1486","1966","Ford","Lotus Cortina","4","False","False","Inline","1966 Ford Lotus Cortina"
"1493","1995","BMW","850CSi","12","False","False","V","1995 BMW 850CSi"
"1496","2012","Jeep","Wrangler Rubicon","6","False","False","V","2012 Jeep Wrangler Rubicon"
"1500","2012","Mercedes-Benz","SLK 55 AMG","8","False","False","V","2012 Mercedes-Benz SLK 55 AMG"
"1510","1995","Ford","SVT Cobra R","8","False","False","V","1995 Ford SVT Cobra R"
"1517","1992","Toyota","Celica GT-Four RC ST185","4","False","False","Inline","1992 Toyota Celica GT-Four RC ST185"
"1522","2012","Lamborghini","Aventador J","12","False","False","V","2012 Lamborghini Aventador J"
"1523","2012","Mercedes-Benz","C 63 AMG Coupe Black Series","8","False","False","V","2012 Mercedes-Benz C 63 AMG Coupe Black Series"
"1525","2012","MINI","John Cooper Works GP","4","False","False","Inline","2012 MINI John Cooper Works GP"
"1529","1973","Ford","Capri RS3100","6","False","False","V","1973 Ford Capri RS3100"
"1530","1940","Ford","De Luxe Coupe","8","False","False","V","1940 Ford De Luxe Coupe"
"1531","1983","GMC","Vandura G-1500","8","False","False","V","1983 GMC Vandura G-1500"
"1532","2012","Hot Wheels","Bad to the Blade","4","False","False","Inline","2012 Hot Wheels Bad to the Blade"
"1533","1977","Holden","Torana A9X","8","False","False","V","1977 Holden Torana A9X"
"1536","1973","Alpine","A110 1600s","4","False","False","Inline","1973 Alpine A110 1600s"
"1539","2012","Porsche","911 GT3 RS 4.0","6","False","False","Flat","2012 Porsche 911 GT3 RS 4.0"
"1549","1968","Alfa Romeo","33 Stradale","8","False","False","V","1968 Alfa Romeo 33 Stradale"
"1559","1955","Mercedes-Benz","300 SLR","8","False","False","Inline","1955 Mercedes-Benz 300 SLR"
"1562","2013","Renault","Clio R.S. 200 EDC","4","False","False","Inline","2013 Renault Clio R.S. 200 EDC"
"1564","1953","Chevrolet","Corvette","6","False","False","Inline","1953 Chevrolet Corvette"
"1568","1974","Honda","Civic RS","4","False","False","Inline","1974 Honda Civic RS"
"1572","1970","AMC","Rebel ""The Machine""","8","False","False","V","1970 AMC Rebel ""The Machine"""
"1574","1958","Austin-Healey","Sprite MkI","4","False","False","Inline","1958 Austin-Healey Sprite MkI"
"1575","1988","Chevrolet","Monte Carlo Super Sport","8","False","False","V","1988 Chevrolet Monte Carlo Super Sport"
"1578","1962","Ferrari","250 GT Berlinetta Lusso","12","False","False","V","1962 Ferrari 250 GT Berlinetta Lusso"
"1580","1973","Ford","Escort RS1600","4","False","False","Inline","1973 Ford Escort RS1600"
"1581","1956","Ford","F-100","8","False","False","V","1956 Ford F-100"
"1583","2012","Lamborghini","Aventador LP700-4","12","False","False","V","2012 Lamborghini Aventador LP700-4"
"1585","1968","Lancia","Fulvia Coupe Rallye 1.6 HF","4","False","False","V","1968 Lancia Fulvia Coupe Rallye 1.6 HF"
"1586","1962","Lincoln","Continental","8","False","False","V","1962 Lincoln Continental"
"1591","1984","Peugeot","205 Turbo 16","4","False","False","Inline","1984 Peugeot 205 Turbo 16"
"1592","1974","Toyota","Celica GT","4","False","False","Inline","1974 Toyota Celica GT"
"1598","2010","BMW","M3 GTS","8","False","False","V","2010 BMW M3 GTS"
"1599","2012","Hennessey","Venom GT","8","False","False","V","2012 Hennessey Venom GT"
"1601","2012","Lotus","Exige S","6","False","False","V","2012 Lotus Exige S"
"1607","2013","Audi","RS 7 Sportback","8","False","False","V","2013 Audi RS 7 Sportback"
"1615","1969","FIAT","Dino 2.4 Coupe","6","False","False","V","1969 FIAT Dino 2.4 Coupe"
"1619","1967","Mercedes-Benz","280 SL","6","False","False","Inline","1967 Mercedes-Benz 280 SL"
"1627","2013","Mercedes-Benz","E 63 AMG","8","False","False","V","2013 Mercedes-Benz E 63 AMG"
"1651","2013","Aston Martin","V12 Vantage S","12","False","False","V","2013 Aston Martin V12 Vantage S"
"1652","2013","Caterham","Superlight R500","4","False","False","Inline","2013 Caterham Superlight R500"
"1653","2013","Hot Wheels","Baja Bone Shaker","8","False","False","V","2013 Hot Wheels Baja Bone Shaker"
"1654","2013","Ferrari","LaFerrari","12","False","False","V","2013 Ferrari LaFerrari"
"1655","2013","SUBARU","BRZ","4","False","False","Flat","2013 SUBARU BRZ"
"1658","2013","McLaren","P1","8","False","False","V","2013 McLaren P1"
"1661","1986","Lancia","Delta S4","4","False","False","Inline","1986 Lancia Delta S4"
"1662","1965","MINI","Cooper S","4","False","False","Inline","1965 MINI Cooper S"
"1667","2013","Mazda","MX-5","4","False","False","Inline","2013 Mazda MX-5"
"1668","1969","Ford","Mustang Boss 302","8","False","False","V","1969 Ford Mustang Boss 302"
"2002","2012","Pagani","Huayra","12","False","False","V","2012 Pagani Huayra"
"2003","2012","Nissan","GT-R Black Edition (R35)","6","False","False","V","2012 Nissan GT-R Black Edition (R35)"
"2004","2013","Lamborghini","Veneno","12","False","False","V","2013 Lamborghini Veneno"
"2005","2009","Honda","S2000 CR","4","False","False","Inline","2009 Honda S2000 CR"
"2006","1995","Chevrolet","Corvette ZR-1","8","False","False","V","1995 Chevrolet Corvette ZR-1"
"2007","2013","Toyota","86.0","4","False","False","Flat","2013 Toyota 86.0"
"2010","2013","Audi","RS 4 Avant","8","False","False","V","2013 Audi RS 4 Avant"
"2011","2014","Ford","Fiesta ST","4","False","False","Inline","2014 Ford Fiesta ST"
"2017","1968","Abarth","595 esseesse","2","False","False","Inline","1968 Abarth 595 esseesse"
"2018","2013","BMW","M6 Coupe","8","False","False","V","2013 BMW M6 Coupe"
"2019","2003","Ford","Focus RS","4","False","False","Inline","2003 Ford Focus RS"
"2021","2013","Mercedes-Benz","A 45 AMG","4","False","False","Inline","2013 Mercedes-Benz A 45 AMG"
"2022","2013","MINI","X-Raid ALL4 Racing Countryman","6","False","False","Inline","2013 MINI X-Raid ALL4 Racing Countryman"
"2023","2013","Volvo","C30 Polestar","5","False","False","Inline","2013 Volvo C30 Polestar"
"2034","2013","Ferrari","458 Speciale","8","False","False","V","2013 Ferrari 458 Speciale"
"2038","2014","Alfa Romeo","4C","4","False","False","Inline","2014 Alfa Romeo 4C"
"2040","2014","BAC","Mono","4","False","False","Inline","2014 BAC Mono"
"2042","2013","KTM","X-Bow R","4","False","False","Inline","2013 KTM X-Bow R"
"2049","1945","Willys","MB Jeep","4","False","False","Inline","1945 Willys MB Jeep"
"2066","1926","Bugatti","Type 35 C","8","False","False","Inline","1926 Bugatti Type 35 C"
"2068","1939","Maserati","8CTF","8","False","False","Inline","1939 Maserati 8CTF"
"2069","1939","Mercedes-Benz","W154","12","False","False","V","1939 Mercedes-Benz W154"
"2096","1939","Auto Union","Type D","12","False","False","V","1939 Auto Union Type D"
"2105","2013","Dodge","SRT Viper GTS Anniversary Edition","10","False","False","V","2013 Dodge SRT Viper GTS Anniversary Edition"
"2108","2014","Jeep","Grand Cherokee SRT","8","False","False","V","2014 Jeep Grand Cherokee SRT"
"2119","1984","Honda","Civic CRX Mugen","4","False","False","Inline","1984 Honda Civic CRX Mugen"
"2121","1994","Honda","Prelude Si","4","False","False","Inline","1994 Honda Prelude Si"
"2128","2013","Cadillac","XTS Limousine","6","False","False","V","2013 Cadillac XTS Limousine"
"2130","2013","Chevrolet","Summit Racing Pro Stock Camaro","8","False","False","V","2013 Chevrolet Summit Racing Pro Stock Camaro"
"2131","2014","HSV","GEN-F GTS","8","False","False","V","2014 HSV GEN-F GTS"
"2133","2015","BMW","i8","3","False","False","Inline","2015 BMW i8"
"2135","1997","Land Rover","Defender 90","8","False","False","V","1997 Land Rover Defender 90"
"2140","1980","SUBARU","BRAT GL","4","False","False","Flat","1980 SUBARU BRAT GL"
"2142","2014","Volkswagen","Golf R","4","False","False","Inline","2014 Volkswagen Golf R"
"2145","2014","Ford","Ranger T6 Rally Raid","8","False","False","V","2014 Ford Ranger T6 Rally Raid"
"2146","2014","Local Motors","Rally Fighter","8","False","False","V","2014 Local Motors Rally Fighter"
"2147","1986","MG","Metro 6R4","6","False","False","V","1986 MG Metro 6R4"
"2148","2013","Mercedes-Benz","G 65 AMG","12","False","False","V","2013 Mercedes-Benz G 65 AMG"
"2149","1993","Renault","Clio Williams","4","False","False","Inline","1993 Renault Clio Williams"
"2151","1963","Volkswagen","Type 2 De Luxe","4","False","False","Flat","1963 Volkswagen Type 2 De Luxe"
"2154","2014","BMW","M4 Coupe","6","False","False","Inline","2014 BMW M4 Coupe"
"2158","1981","Ford","Fiesta XR2","4","False","False","Inline","1981 Ford Fiesta XR2"
"2161","1965","Alfa Romeo","Giulia TZ2","4","False","False","Inline","1965 Alfa Romeo Giulia TZ2"
"2162","2015","Jaguar","F-TYPE R Coupe","8","False","False","V","2015 Jaguar F-TYPE R Coupe"
"2163","2016","Honda","Civic Type R","4","False","False","Inline","2016 Honda Civic Type R"
"2164","2014","Lamborghini","HuracÃ¡n LP 610-4","10","False","False","V","2014 Lamborghini HuracÃ¡n LP 610-4"
"2168","2015","SUBARU","WRX STI","4","False","False","Flat","2015 SUBARU WRX STI"
"2171","2005","Mazda","Mazdaspeed MX-5","4","False","False","Inline","2005 Mazda Mazdaspeed MX-5"
"2173","2015","MG","MG3","4","False","False","Inline","2015 MG MG3"
"2175","2015","Lexus","RC F","8","False","False","V","2015 Lexus RC F"
"2176","1986","Lamborghini","LM 002","12","False","False","V","1986 Lamborghini LM 002"
"2177","2015","Chevrolet","Corvette Z06","8","False","False","V","2015 Chevrolet Corvette Z06"
"2178","2001","Audi","RS 4 Avant","6","False","False","V","2001 Audi RS 4 Avant"
"2179","2015","Audi","S1","4","False","False","Inline","2015 Audi S1"
"2180","2015","Audi","RS 6 Avant","8","False","False","V","2015 Audi RS 6 Avant"
"2181","2013","Audi","R8 Coupe V10 plus 5.2 FSI quattro","10","False","False","V","2013 Audi R8 Coupe V10 plus 5.2 FSI quattro"
"2182","2015","Audi","TTS Coupe","4","False","False","Inline","2015 Audi TTS Coupe"
"2183","2015","Chevrolet","Camaro Z/28","8","False","False","V","2015 Chevrolet Camaro Z/28"
"2184","2013","Donkervoort","D8 GTO","5","False","False","Inline","2013 Donkervoort D8 GTO"
"2185","2015","Jaguar","XFR-S","8","False","False","V","2015 Jaguar XFR-S"
"2188","2015","Koenigsegg","One:1","8","False","False","V","2015 Koenigsegg One:1"
"2189","2015","McLaren","650S Coupe","8","False","False","V","2015 McLaren 650S Coupe"
"2194","2014","Ferrari","California T","8","False","False","V","2014 Ferrari California T"
"2195","1980","FIAT","124 Sport Spider","4","False","False","Inline","1980 FIAT 124 Sport Spider"
"2209","1992","Mazda","323 GT-R","4","False","False","Inline","1992 Mazda 323 GT-R"
"2216","1958","Plymouth","Fury","8","False","False","V","1958 Plymouth Fury"
"2217","1996","SUBARU","SVX","6","False","False","Flat","1996 SUBARU SVX"
"2235","2015","Jaguar","XKR-S GT","8","False","False","V","2015 Jaguar XKR-S GT"
"2242","2015","Mercedes-AMG","GT S","8","False","False","V","2015 Mercedes-AMG GT S"
"2258","1970","Volkswagen","#1107 Desert Dingo Racing Stock Bug","4","False","False","Flat","1970 Volkswagen #1107 Desert Dingo Racing Stock Bug"
"2262","2016","Cadillac","ATS-V","6","False","False","V","2016 Cadillac ATS-V"
"2263","2015","Dodge","Challenger SRT Hellcat","8","False","False","V","2015 Dodge Challenger SRT Hellcat"
"2267","2016","Mazda","MX-5","4","False","False","Inline","2016 Mazda MX-5"
"2270","1973","Nissan","Skyline H/T 2000GT-R","6","False","False","Inline","1973 Nissan Skyline H/T 2000GT-R"
"2289","2014","Porsche","911 Turbo S","6","False","False","Flat","2014 Porsche 911 Turbo S"
"2290","2014","Porsche","918 Spyder","8","False","False","V","2014 Porsche 918 Spyder"
"2293","2015","Porsche","Cayman GTS","6","False","False","Flat","2015 Porsche Cayman GTS"
"2297","2012","Volkswagen","Santana","4","False","False","Inline","2012 Volkswagen Santana"
"2352","2017","Acura","NSX","6","False","False","V","2017 Acura NSX"
"2357","2017","Ford","Focus RS","4","False","False","Inline","2017 Ford Focus RS"
"2363","2017","Ford","GT","6","False","False","V","2017 Ford GT"
"2371","2014","Ferrari","FXX K","12","False","False","V","2014 Ferrari FXX K"
"2372","1932","Ford","De Luxe Five-Window Coupe","8","False","False","V","1932 Ford De Luxe Five-Window Coupe"
"2400","2016","Ford","Shelby GT350R","8","False","False","V","2016 Ford Shelby GT350R"
"2405","2000","Lotus","340R","4","False","False","Inline","2000 Lotus 340R"
"2412","1957","BMW","Isetta 300 Export","1","False","False","Inline","1957 BMW Isetta 300 Export"
"2416","1971","Meyers","Manx","4","False","False","Flat","1971 Meyers Manx"
"2417","1973","Holden","HQ Monaro GTS 350","8","False","False","V","1973 Holden HQ Monaro GTS 350"
"2420","1984","Opel","Manta 400","4","False","False","Inline","1984 Opel Manta 400"
"2421","2016","Cadillac","CTS-V Sedan","8","False","False","V","2016 Cadillac CTS-V Sedan"
"2422","2014","HSV","Limited Edition Gen-F GTS Maloo","8","False","False","V","2014 HSV Limited Edition Gen-F GTS Maloo"
"2423","1969","Lola","#6 Penske Sunoco T70 MkIIIB","8","False","False","V","1969 Lola #6 Penske Sunoco T70 MkIIIB"
"2424","2015","Mercedes-Benz","#24 Tankpool24 Racing Truck","6","False","False","Inline","2015 Mercedes-Benz #24 Tankpool24 Racing Truck"
"2427","2016","Vauxhall","Corsa VXR","4","False","False","Inline","2016 Vauxhall Corsa VXR"
"2428","2016","W Motors","Lykan HyperSport","6","False","False","Flat","2016 W Motors Lykan HyperSport"
"2430","2016","Ariel","Nomad","4","False","False","Inline","2016 Ariel Nomad"
"2431","2015","BMW","X6 M","8","False","False","V","2015 BMW X6 M"
"2432","1975","DS Automobiles","DS 23","4","False","False","Inline","1975 DS Automobiles DS 23"
"2437","2015","Infiniti","Q60 Concept","6","False","False","V","2015 Infiniti Q60 Concept"
"2467","2015","Ferrari","488 GTB","8","False","False","V","2015 Ferrari 488 GTB"
"2468","2015","Dodge","Charger SRT Hellcat","8","False","False","V","2015 Dodge Charger SRT Hellcat"
"2469","1965","Toyota","Sports 800","2","False","False","Flat","1965 Toyota Sports 800"
"2471","2016","Mercedes-AMG","C 63 S Coupe","8","False","False","V","2016 Mercedes-AMG C 63 S Coupe"
"2472","2015","McLaren","570S Coupe","8","False","False","V","2015 McLaren 570S Coupe"
"2473","2016","Audi","R8 V10 plus","10","False","False","V","2016 Audi R8 V10 plus"
"2474","2016","Zenvo","ST1","8","False","False","V","2016 Zenvo ST1"
"2475","2016","Spania GTA","GTA Spano","10","False","False","V","2016 Spania GTA GTA Spano"
"2477","2016","BMW","M2 CoupÃ©","6","False","False","Inline","2016 BMW M2 CoupÃ©"
"2479","2016","Lamborghini","Aventador Superveloce","12","False","False","V","2016 Lamborghini Aventador Superveloce"
"2486","2015","Radical","RXC Turbo","6","False","False","V","2015 Radical RXC Turbo"
"2489","2016","Abarth","695 Biposto","4","False","False","Inline","2016 Abarth 695 Biposto"
"2492","2016","Jaguar","F-TYPE Project 7","8","False","False","V","2016 Jaguar F-TYPE Project 7"
"2493","2015","Aston Martin","Vantage GT12","12","False","False","V","2015 Aston Martin Vantage GT12"
"2494","2015","Land Rover","Range Rover Sport SVR","8","False","False","V","2015 Land Rover Range Rover Sport SVR"
"2497","2015","Mercedes-Benz","#24 Tankpool24 Racing Truck Forza Edition","6","False","False","Inline","2015 Mercedes-Benz #24 Tankpool24 Racing Truck Forza Edition"
"2504","1946","Ford","Super Deluxe Station Wagon","8","False","False","V","1946 Ford Super Deluxe Station Wagon"
"2507","1955","Chevrolet","150 Utility Sedan","8","False","False","V","1955 Chevrolet 150 Utility Sedan"
"2510","1974","Holden","Sandman HQ panel van","8","False","False","V","1974 Holden Sandman HQ panel van"
"2511","1976","Jeep","CJ5 Renegade","8","False","False","V","1976 Jeep CJ5 Renegade"
"2512","1987","Nissan","Skyline GTS-R (HR31)","6","False","False","Inline","1987 Nissan Skyline GTS-R (HR31)"
"2515","2011","SUBARU","WRX STI ","4","False","False","Flat","2011 SUBARU WRX STI"
"2517","2014","Ford","#11 Rockstar F-150 Trophy Truck","8","False","False","V","2014 Ford #11 Rockstar F-150 Trophy Truck"
"2521","2015","Polaris","RZR XP 1000 EPS","2","False","False","Inline","2015 Polaris RZR XP 1000 EPS"
"2526","2016","Koenigsegg","Regera","8","False","False","V","2016 Koenigsegg Regera"
"2527","2017","Aston Martin","DB11","12","False","False","V","2017 Aston Martin DB11"
"2528","2016","Porsche","911 GT3 RS","6","False","False","Flat","2016 Porsche 911 GT3 RS"
"2529","2016","Porsche","Cayman GT4","6","False","False","Flat","2016 Porsche Cayman GT4"
"2534","1993","Porsche","968 Turbo S","4","False","False","Inline","1993 Porsche 968 Turbo S"
"2541","2016","Lotus","3-Eleven","6","False","False","Inline","2016 Lotus 3-Eleven"
"2542","2017","Alfa Romeo","Giulia Quadrifoglio","6","False","False","V","2017 Alfa Romeo Giulia Quadrifoglio"
"2543","2016","Ford","#66 Ford Racing GT Le Mans","6","False","False","V","2016 Ford #66 Ford Racing GT Le Mans"
"2544","2016","Dodge","Viper ACR","10","False","False","V","2016 Dodge Viper ACR"
"2549","1970","Porsche","#3 917 LH","12","False","False","Flat","1970 Porsche #3 917 LH"
"2551","2014","Ford","FPV Limited Edition Pursuit Ute","8","False","False","V","2014 Ford FPV Limited Edition Pursuit Ute"
"2552","2015","Alumicraft","Class 10 Race Car","4","False","False","Inline","2015 Alumicraft Class 10 Race Car"
"2558","1970","International","Scout 800A","8","False","False","V","1970 International Scout 800A"
"2559","1959","Jaguar","Mk II 3.8","6","False","False","Inline","1959 Jaguar Mk II 3.8"
"2560","1972","Land Rover","Series III","4","False","False","Inline","1972 Land Rover Series III"
"2562","2014","Morgan","3 Wheeler","2","False","False","V","2014 Morgan 3 Wheeler"
"2563","1972","Reliant","Supervan III","4","False","False","Inline","1972 Reliant Supervan III"
"2566","1979","Toyota","FJ40","6","False","False","Inline","1979 Toyota FJ40"
"2568","1969","Volkswagen","Class 5/1600 Baja Bug","4","False","False","Flat","1969 Volkswagen Class 5/1600 Baja Bug"
"2569","2015","Ultima","Evolution Coupe 1020","8","False","False","V","2015 Ultima Evolution Coupe 1020"
"2570","2015","Jaguar","XE-S","6","False","False","V","2015 Jaguar XE-S"
"2571","2017","Jaguar","F-PACE S","6","False","False","V","2017 Jaguar F-PACE S"
"2574","2554","AMG Transport Dynamics","M12S Warthog CST","8","False","False","V","2554 AMG Transport Dynamics M12S Warthog CST"
"2575","2011","Koenigsegg","Agera","8","False","False","V","2011 Koenigsegg Agera"
"2576","2005","Hot Wheels","Ford Mustang","8","False","False","V","2005 Hot Wheels Ford Mustang"
"2577","2015","Ferrari","F12tdf","12","False","False","V","2015 Ferrari F12tdf"
"2580","2015","Ford","Falcon GT F 351","8","False","False","V","2015 Ford Falcon GT F 351"
"2584","1985","HDT","VK Commodore Group A","8","False","False","V","1985 HDT VK Commodore Group A"
"2585","1972","Ford","Falcon XA GT-HO","8","False","False","V","1972 Ford Falcon XA GT-HO"
"2586","2015","Volvo","V60 Polestar","6","False","False","Inline","2015 Volvo V60 Polestar"
"2613","1970","GMC","Jimmy","8","False","False","V","1970 GMC Jimmy"
"2614","1968","Ford","Mustang GT 2+2 Fastback","8","False","False","V","1968 Ford Mustang GT 2+2 Fastback"
"2616","2016","Lamborghini","Centenario LP 770-4","12","False","False","V","2016 Lamborghini Centenario LP 770-4"
"2618","2017","Nissan","GT-R (R35)","6","False","False","V","2017 Nissan GT-R (R35)"
"2624","2018","Bugatti","Chiron","16","False","False","W","2018 Bugatti Chiron"
"2625","2016","Bentley","Bentayga","12","False","False","W","2016 Bentley Bentayga"
"2628","2016","BMW","M4 GTS","6","False","False","Inline","2016 BMW M4 GTS"
"2636","1993","Toyota","#1 T100 Baja Truck","6","False","False","V","1993 Toyota #1 T100 Baja Truck"
"2647","2016","Pagani","Huayra BC Coupe","12","False","False","V","2016 Pagani Huayra BC Coupe"
"2648","2016","Hoonigan","Gymkhana 9 Ford Focus RS RX","4","False","False","Inline","2016 Hoonigan Gymkhana 9 Ford Focus RS RX"
"2649","2010","Ford","Crown Victoria Police Interceptor","8","False","False","V","2010 Ford Crown Victoria Police Interceptor"
"2652","1997","Mitsubishi","Montero Evolution","6","False","False","V","1997 Mitsubishi Montero Evolution"
"2654","2017","Mercedes-AMG","GT R","8","False","False","V","2017 Mercedes-AMG GT R"
"2656","2007","Toyota","Hilux Arctic Trucks AT38","4","False","False","Inline","2007 Toyota Hilux Arctic Trucks AT38"
"2659","1998","Porsche","911 GT1 Strassenversion","6","False","False","Flat","1998 Porsche 911 GT1 Strassenversion"
"2662","2016","Nissan","Titan Warrior Concept","8","False","False","V","2016 Nissan Titan Warrior Concept"
"2663","2016","RJ Anderson","#37 Polaris RZR-Rockstar Energy Pro 2 Truck","8","False","False","V","2016 RJ Anderson #37 Polaris RZR-Rockstar Energy Pro 2 Truck"
"2665","2017","Bentley","Continental Supersports","12","False","False","W","2017 Bentley Continental Supersports"
"2699","1965","MINI","Cooper S Forza Edition","0","True","False","E","1965 MINI Cooper S Forza Edition"
"2729","1972","Hoonigan","Chevrolet Napalm Nova","8","False","False","V","1972 Hoonigan Chevrolet Napalm Nova"
"2730","1978","Hoonigan","Ford Escort RS1800","4","False","False","Inline","1978 Hoonigan Ford Escort RS1800"
"2732","1992","Hoonigan","Mazda RX-7 Twerkstallion","8","False","False","V","1992 Hoonigan Mazda RX-7 Twerkstallion"
"2734","1965","Hoonigan","Ford ""Hoonicorn"" Mustang","8","False","False","V","1965 Hoonigan Ford ""Hoonicorn"" Mustang"
"2736","1991","Hoonigan","Rauh-Welt Begriff Porsche 911 Turbo","6","False","False","Flat","1991 Hoonigan Rauh-Welt Begriff Porsche 911 Turbo"
"2738","1995","Nissan","NISMO GT-R LM","6","False","False","Inline","1995 Nissan NISMO GT-R LM"
"2739","2017","Chevrolet","Camaro ZL1","8","False","False","V","2017 Chevrolet Camaro ZL1"
"2740","2017","Abarth","124 Spider","4","False","False","Inline","2017 Abarth 124 Spider"
"2741","2017","Porsche","Panamera Turbo","8","False","False","V","2017 Porsche Panamera Turbo"
"2742","2016","Jeep","Trailcat","8","False","False","V","2016 Jeep Trailcat"
"2743","2016","Toyota","Land Cruiser Arctic Trucks AT37","4","False","False","Inline","2016 Toyota Land Cruiser Arctic Trucks AT37"
"2744","2004","Nissan","Pickup #23 Rally Raid","6","False","False","V","2004 Nissan Pickup #23 Rally Raid"
"2745","2015","Honda","Ridgeline Baja Trophy Truck","6","False","False","V","2015 Honda Ridgeline Baja Trophy Truck"
"2750","1969","Hot Wheels","Twin Mill","16","False","False","V","1969 Hot Wheels Twin Mill"
"2751","2012","Jaguar","XKR-S","8","False","False","V","2012 Jaguar XKR-S"
"2755","2018","Porsche","911 GT2 RS","6","False","False","Flat","2018 Porsche 911 GT2 RS"
"2773","2018","Porsche","Cayenne Turbo","8","False","False","V","2018 Porsche Cayenne Turbo"
"2775","2017","Porsche","#92 Porsche GT Team 911 RSR","6","False","False","Flat","2017 Porsche #92 Porsche GT Team 911 RSR"
"2792","1966","Ford","#2 GT40 MkII","8","False","False","V","1966 Ford #2 GT40 MkII"
"2793","1967","Ferrari","#24 Ferrari Spa 330 P4","12","False","False","V","1967 Ferrari #24 Ferrari Spa 330 P4"
"2822","1985","Nissan","Safari Turbo","6","False","False","Inline","1985 Nissan Safari Turbo"
"2825","1997","Lotus","Elise GT1","8","False","False","V","1997 Lotus Elise GT1"
"2838","2017","Ram","2500 Power Wagon","8","False","False","V","2017 Ram 2500 Power Wagon"
"2839","2018","Dodge","Durango SRT","8","False","False","V","2018 Dodge Durango SRT"
"2841","2018","Jaguar","I-PACE","0","True","False","E","2018 Jaguar I-PACE"
"2844","2017","VUHL","05RR","4","False","False","Inline","2017 VUHL 05RR"
"2846","2018","McLaren","720S Coupe","8","False","False","V","2018 McLaren 720S Coupe"
"2847","2017","Chevrolet","Colorado ZR2","6","False","False","V","2017 Chevrolet Colorado ZR2"
"2865","2017","Maserati","Levante S","6","False","False","V","2017 Maserati Levante S"
"2869","1971","Porsche","#23 917/20","12","False","False","Flat","1971 Porsche #23 917/20"
"2870","2018","Honda","Civic Type R","4","False","False","Inline","2018 Honda Civic Type R"
"2871","2018","Can-Am","Maverick X RS Turbo R","3","False","False","Inline","2018 Can-Am Maverick X RS Turbo R"
"2872","2019","Hyundai","Veloster N","4","False","False","Inline","2019 Hyundai Veloster N"
"2874","2018","Nissan","Sentra NISMO","4","False","False","Inline","2018 Nissan Sentra NISMO"
"2908","2012","Ferrari","599XX Evoluzione","12","False","False","V","2012 Ferrari 599XX Evoluzione"
"2909","2018","Dodge","Challenger SRT Demon","8","False","False","V","2018 Dodge Challenger SRT Demon"
"2910","2017","Koenigsegg","Agera RS","8","False","False","V","2017 Koenigsegg Agera RS"
"2911","1953","Morris","Minor 1000","4","False","False","Inline","1953 Morris Minor 1000"
"2930","1932","Ford","De Luxe Five-Window Coupe Forza Edition","8","False","False","V","1932 Ford De Luxe Five-Window Coupe Forza Edition"
"2935","2018","Funco Motorsports","F9","8","False","False","V","2018 Funco Motorsports F9"
"2937","2017","Ford","#14 Rahal Letterman Lanigan Racing GRC Fiesta","4","False","False","Inline","2017 Ford #14 Rahal Letterman Lanigan Racing GRC Fiesta"
"2948","1998","Mitsubishi","FTO GP Version R","6","False","False","V","1998 Mitsubishi FTO GP Version R"
"2951","2003","Nissan","Fairlady Z Forza Edition","6","False","False","V","2003 Nissan Fairlady Z Forza Edition"
"2968","2023","Aston Martin","Valkyrie","12","False","False","V","2023 Aston Martin Valkyrie"
"2972","2019","Ferrari","#62 Risi Competitizione 488 GTE","8","False","False","V","2019 Ferrari #62 Risi Competitizione 488 GTE"
"2973","2017","Alpine","A110","4","False","False","Inline","2017 Alpine A110"
"2974","2017","Ferrari","812 Superfast","12","False","False","V","2017 Ferrari 812 Superfast"
"2976","1930","Bentley","Blower 4-1/2 Litre Supercharged","4","False","False","Inline","1930 Bentley Blower 4-1/2 Litre Supercharged"
"2979","1959","Ford","Anglia 105E","4","False","False","Inline","1959 Ford Anglia 105E"
"2980","1964","Ford","GT40 Mk I","8","False","False","V","1964 Ford GT40 Mk I"
"2981","1986","Ford","Escort RS Turbo","4","False","False","Inline","1986 Ford Escort RS Turbo"
"2982","1977","Hoonigan","Gymkhana 10 Ford F-150 'Hoonitruck'","6","False","False","V","1977 Hoonigan Gymkhana 10 Ford F-150 'Hoonitruck'"
"2984","1991","Hoonigan","Gymkhana 10 Ford Escort Cosworth Group A","4","False","False","Inline","1991 Hoonigan Gymkhana 10 Ford Escort Cosworth Group A"
"2985","1973","Land Rover","Range Rover","8","False","False","V","1973 Land Rover Range Rover"
"2986","2014","Mercedes-Benz","Unimog U5023","4","False","False","Inline","2014 Mercedes-Benz Unimog U5023"
"2987","1962","Peel","P50","1","False","False","Single","1962 Peel P50"
"2988","2018","McLaren","Senna","8","False","False","V","2018 McLaren Senna"
"2989","1933","Napier","Napier-Railton","12","False","False","W","1933 Napier Napier-Railton"
"2992","1964","Jaguar","Lightweight E-Type","6","False","False","Inline","1964 Jaguar Lightweight E-Type"
"2993","2018","TVR","Griffith","8","False","False","V","2018 TVR Griffith"
"2995","1983","Volkswagen","Golf GTI","4","False","False","Inline","1983 Volkswagen Golf GTI"
"2996","2015","Formula Drift","#13 Ford Mustang","8","False","False","V","2015 Formula Drift #13 Ford Mustang"
"2997","2016","Formula Drift","#530 HSV Maloo Gen-F","8","False","False","V","2016 Formula Drift #530 HSV Maloo Gen-F"
"3000","1997","Formula Drift","#777 Nissan 240SX","8","False","False","V","1997 Formula Drift #777 Nissan 240SX"
"3003","2006","Formula Drift","#43 Dodge Viper SRT10","10","False","False","V","2006 Formula Drift #43 Dodge Viper SRT10"
"3006","1965","Hoonigan","Gymkhana 10 Ford Hoonicorn Mustang","8","False","False","V","1965 Hoonigan Gymkhana 10 Ford Hoonicorn Mustang"
"3007","2017","Volkswagen","#34 Volkswagen Andretti Rallycross Beetle","4","False","False","Inline","2017 Volkswagen #34 Volkswagen Andretti Rallycross Beetle"
"3020","1973","Volkswagen","Thing","4","False","False","Flat","1973 Volkswagen Thing"
"3021","1966","Porsche","906 Carrera 6","6","False","False","Flat","1966 Porsche 906 Carrera 6"
"3026","1929","Mercedes-Benz","SSK","6","False","False","Inline","1929 Mercedes-Benz SSK"
"3031","1985","Porsche","#185 959 Prodrive Rally Raid","6","False","False","Flat","1985 Porsche #185 959 Prodrive Rally Raid"
"3035","2018","KTM","X-Bow GT4","4","False","False","Inline","2018 KTM X-Bow GT4"
"3036","1959","Porsche","356 A 1600 Super","4","False","False","Flat","1959 Porsche 356 A 1600 Super"
"3037","1989","Formula Drift","#98 BMW 325i","8","False","False","V","1989 Formula Drift #98 BMW 325i"
"3046","2018","DeBerti","Ford Mustang GT","8","False","False","V","2018 DeBerti Ford Mustang GT"
"3051","2017","Ford","M-Sport Fiesta RS","4","False","False","Inline","2017 Ford M-Sport Fiesta RS"
"3055","2010","Jaguar","C-X75","4","False","False","Inline","2010 Jaguar C-X75"
"3062","1970","Ferrari","512 S","12","False","False","V","1970 Ferrari 512 S"
"3063","2018","Mercedes-Benz","X-Class","4","False","False","Inline","2018 Mercedes-Benz X-Class"
"3064","2018","Mercedes-AMG","GT 4-Door Coupe","8","False","False","V","2018 Mercedes-AMG GT 4-Door Coupe"
"3069","2016","Honda","Civic Coupe ","4","False","False","Inline","2016 Honda Civic Coupe"
"3071","2018","BMW","M5","8","False","False","V","2018 BMW M5"
"3072","2019","Porsche","911 GT3 RS","6","False","False","Flat","2019 Porsche 911 GT3 RS"
"3073","2018","BMW","#1 BMW M Motorsport M8 GTE","8","False","False","V","2018 BMW #1 BMW M Motorsport M8 GTE"
"3074","2019","Porsche","Macan Turbo","6","False","False","V","2019 Porsche Macan Turbo"
"3078","1966","Volkswagen","Double Cab Pick-Up","4","False","False","Flat","1966 Volkswagen Double Cab Pick-Up"
"3082","2008","Maserati","MC12 Versione Corsa","12","False","False","V","2008 Maserati MC12 Versione Corsa"
"3087","2014","McLaren","650S Spider","8","False","False","V","2014 McLaren 650S Spider"
"3088","2018","DeBerti","Chevrolet Silverado 1500 Drift Truck","8","False","False","V","2018 DeBerti Chevrolet Silverado 1500 Drift Truck"
"3089","2018","Exomotive","Exocet Off-Road","4","False","False","Inline","2018 Exomotive Exocet Off-Road"
"3091","2019","Aston Martin","Vantage","8","False","False","V","2019 Aston Martin Vantage"
"3093","2018","Ford","#25 Mustang RTR","8","False","False","V","2018 Ford #25 Mustang RTR"
"3094","2018","Morgan","Aero GT","8","False","False","V","2018 Morgan Aero GT"
"3097","1953","Jaguar","C-Type","6","False","False","Inline","1953 Jaguar C-Type"
"3107","2014","Mercedes-Benz","G 63 AMG 6x6","8","False","False","V","2014 Mercedes-Benz G 63 AMG 6x6"
"3108","2018","Ford","Mustang RTR Spec 5","8","False","False","V","2018 Ford Mustang RTR Spec 5"
"3109","2018","DeBerti","F-150 Prerunner Truck","8","False","False","V","2018 DeBerti F-150 Prerunner Truck"
"3110","2018","DeBerti","Wrangler Unlimited","8","False","False","V","2018 DeBerti Wrangler Unlimited"
"3111","1951","Porsche","#46 356 SL Gmund Coupe","4","False","False","Flat","1951 Porsche #46 356 SL Gmund Coupe"
"3112","2017","Ferrari","#25 Corse Clienti 488 Challenge","8","False","False","V","2017 Ferrari #25 Corse Clienti 488 Challenge"
"3115","2016","Hoonigan","Gymkhana 10 Ford Focus RS RX","4","False","False","Inline","2016 Hoonigan Gymkhana 10 Ford Focus RS RX"
"3116","1953","Morris","Minor Series II Traveler","4","False","False","Inline","1953 Morris Minor Series II Traveler"
"3117","2018","Porsche","718 Cayman GTS","4","False","False","Flat","2018 Porsche 718 Cayman GTS"
"3118","2019","Chevrolet","Corvette ZR1","8","False","False","V","2019 Chevrolet Corvette ZR1"
"3119","1986","Hoonigan","Ford RS200 Evolution","4","False","False","Inline","1986 Hoonigan Ford RS200 Evolution"
"3120","1971","Ford","Mustang Mach 1","8","False","False","V","1971 Ford Mustang Mach 1"
"3122","2017","Ferrari","GTC4Lusso","12","False","False","V","2017 Ferrari GTC4Lusso"
"3123","2019","Porsche","911 Carrera S","6","False","False","Flat","2019 Porsche 911 Carrera S"
"3125","2017","Aston Martin","Vanquish Zagato Coupe","12","False","False","V","2017 Aston Martin Vanquish Zagato Coupe"
"3126","1965","Ford","Transit","4","False","False","V","1965 Ford Transit"
"3128","2017","Ford","#25 'Brocky' Ultra4 Bronco RTR","8","False","False","V","2017 Ford #25 'Brocky' Ultra4 Bronco RTR"
"3129","2008","Renault","MÃ©gane R26.R","4","False","False","Inline","2008 Renault MÃ©gane R26.R"
"3131","2018","MINI","John Cooper Works Countryman ALL4","4","False","False","Inline","2018 MINI John Cooper Works Countryman ALL4"
"3132","2018","MINI","X-Raid John Cooper Works Buggy","6","False","False","Inline","2018 MINI X-Raid John Cooper Works Buggy"
"3134","2018","Renault","Megane R.S.","4","False","False","Inline","2018 Renault Megane R.S."
"3136","2018","Land Rover","Range Rover Velar First Edition","8","False","False","V","2018 Land Rover Range Rover Velar First Edition"
"3140","2019","Rimac","Concept Two","0","True","False","E","2019 Rimac Concept Two"
"3141","2018","Apollo","Intensa Emozione","12","False","False","V","2018 Apollo Intensa Emozione"
"3142","1965","Morris","Mini-Traveller","4","False","False","Inline","1965 Morris Mini-Traveller"
"3149","2018","Chevrolet","Camaro ZL1 1LE","8","False","False","V","2018 Chevrolet Camaro ZL1 1LE"
"3150","1964","Porsche","356 C Cabriolet Emory Special","4","False","False","Flat","1964 Porsche 356 C Cabriolet Emory Special"
"3151","2018","Ford","#88 Mustang RTR","8","False","False","V","2018 Ford #88 Mustang RTR"
"3153","2018","McLaren","600LT Coupe","8","False","False","V","2018 McLaren 600LT Coupe"
"3154","2019","McLaren","720S Spider","8","False","False","V","2019 McLaren 720S Spider"
"3156","2019","McLaren","Speedtail","8","False","False","V","2019 McLaren Speedtail"
"3160","1995","Porsche","911 Carrera 2 by Gunther Werks","6","False","False","Flat","1995 Porsche 911 Carrera 2 by Gunther Werks"
"3163","2018","Chevrolet","Hot Wheels COPO Camaro","8","False","False","V","2018 Chevrolet Hot Wheels COPO Camaro"
"3164","2018","Jeep","Grand Cherokee Trackhawk","8","False","False","V","2018 Jeep Grand Cherokee Trackhawk"
"3167","1970","Ford","GT70","4","False","False","Inline","1970 Ford GT70"
"3168","2019","Bugatti","Divo","16","False","False","W","2019 Bugatti Divo"
"3169","2008","Dodge","Magnum SRT8","8","False","False","V","2008 Dodge Magnum SRT8"
"3170","1994","Ford","Supervan 3","6","False","False","V","1994 Ford Supervan 3"
"3172","1991","Bentley","Turbo R","8","False","False","V","1991 Bentley Turbo R"
"3173","2019","BMW","Z4 Roadster","6","False","False","Inline","2019 BMW Z4 Roadster"
"3174","2019","Ford","Ranger Raptor","4","False","False","V","2019 Ford Ranger Raptor"
"3175","1992","Mercedes-Benz","500 E","8","False","False","V","1992 Mercedes-Benz 500 E"
"3176","1987","Mercedes-Benz","AMG Hammer Coupe","8","False","False","V","1987 Mercedes-Benz AMG Hammer Coupe"
"3177","1987","Mercedes-Benz","AMG Hammer Wagon","8","False","False","V","1987 Mercedes-Benz AMG Hammer Wagon"
"3178","2006","Mercedes-Benz","E 55 AMG Wagon","8","False","False","V","2006 Mercedes-Benz E 55 AMG Wagon"
"3180","1991","Peugeot","205 Rallye","4","False","False","Inline","1991 Peugeot 205 Rallye"
"3181","1986","Ford","Mustang SVO","4","False","False","Inline","1986 Ford Mustang SVO"
"3182","2016","Renault","Clio R.S. 16 Concept","4","False","False","Inline","2016 Renault Clio R.S. 16 Concept"
"3183","1967","Ford","Racing Escort Mk1","4","False","False","Inline","1967 Ford Racing Escort Mk1"
"3184","1977","Ford","#5 Escort RS1800 MkII","4","False","False","Inline","1977 Ford #5 Escort RS1800 MkII"
"3185","2019","Aston Martin","DBS Superleggera","12","False","False","V","2019 Aston Martin DBS Superleggera"
"3188","1989","Porsche","#65 Rothsport Racing 911 'Desert Flyer'","6","False","False","Flat","1989 Porsche #65 Rothsport Racing 911 'Desert Flyer'"
"3189","2019","Hennessey","VelociRaptor 6x6","6","False","False","V","2019 Hennessey VelociRaptor 6x6"
"3190","2003","Ford","F-150 SVT Lightning","8","False","False","V","2003 Ford F-150 SVT Lightning"
"3191","1973","Lamborghini","Espada 400 GT","12","False","False","V","1973 Lamborghini Espada 400 GT"
"3194","2018","Italdesign","Zerouno","10","False","False","V","2018 Italdesign Zerouno"
"3195","2018","ATS","GT","8","False","False","V","2018 ATS GT"
"3196","2019","RAESR","Tachyon Speed","0","True","False","E","2019 RAESR Tachyon Speed"
"3197","2018","Mercedes-AMG","GT3","8","False","False","V","2018 Mercedes-AMG GT3"
"3199","2003","Ford","Mustang SVT Cobra","8","False","False","V","2003 Ford Mustang SVT Cobra"
"3201","1966","Oldsmobile","Toronado","8","False","False","V","1966 Oldsmobile Toronado"
"3206","1970","Mercury","Cyclone Spoiler","8","False","False","V","1970 Mercury Cyclone Spoiler"
"3211","2017","Aston Martin","Vulcan AMR Pro","12","False","False","V","2017 Aston Martin Vulcan AMR Pro"
"3212","2019","Zenvo","TSR-S","8","False","False","V","2019 Zenvo TSR-S"
"3214","2019","Porsche","#70 Porsche Motorsport 935","6","False","False","Flat","2019 Porsche #70 Porsche Motorsport 935"
"3215","2019","Porsche","911 Speedster","6","False","False","Flat","2019 Porsche 911 Speedster"
"3217","2018","Lamborghini","HuracÃ¡n Performante","10","False","False","V","2018 Lamborghini HuracÃ¡n Performante"
"3218","2018","Porsche","911 GT3 R","6","False","False","Flat","2018 Porsche 911 GT3 R"
"3225","2018","Ferrari","Portofino","8","False","False","V","2018 Ferrari Portofino"
"3226","2017","Ferrari","J50","8","False","False","V","2017 Ferrari J50"
"3227","2019","Ferrari","488 Pista","8","False","False","V","2019 Ferrari 488 Pista"
"3228","1999","Ford","Racing Puma","4","False","False","Inline","1999 Ford Racing Puma"
"3232","2013","Ford","Shelby GT500","8","False","False","V","2013 Ford Shelby GT500"
"3235","1982","Volkswagen","Pickup LX","4","False","False","Inline","1982 Volkswagen Pickup LX"
"3239","2018","Lamborghini","#63 Squadra Corse HuracÃ¡n Super Trofeo Evo","10","False","False","V","2018 Lamborghini #63 Squadra Corse HuracÃ¡n Super Trofeo Evo"
"3241","2018","SUBARU","WRX STI ARX Supercar","4","False","False","Flat","2018 SUBARU WRX STI ARX Supercar"
"3242","2014","Cadillac","CTS-V Sport Wagon","8","False","False","V","2014 Cadillac CTS-V Sport Wagon"
"3244","1964","Plymouth","Belvedere","8","False","False","V","1964 Plymouth Belvedere"
"3247","2018","Formula Drift","#64 Nissan 370Z","6","False","False","V","2018 Formula Drift #64 Nissan 370Z"
"3248","1990","Porsche","911 Reimagined by Singer - DLS","6","False","False","Flat","1990 Porsche 911 Reimagined by Singer - DLS"
"3249","2007","Formula Drift","#117 599 GTB Fiorano","12","False","False","V","2007 Formula Drift #117 599 GTB Fiorano"
"3250","2018","Mercedes-AMG","E 63 S","8","False","False","V","2018 Mercedes-AMG E 63 S"
"3252","1949","Hot Wheels","Ford F-5 Dually Custom Hot Rod","8","False","False","V","1949 Hot Wheels Ford F-5 Dually Custom Hot Rod"
"3255","2020","Jeep","Gladiator Rubicon","6","False","False","V","2020 Jeep Gladiator Rubicon"
"3257","1990","Nissan","Pulsar GTi-R","4","False","False","Inline","1990 Nissan Pulsar GTi-R"
"3261","1968","Renault","4L Export","4","False","False","Inline","1968 Renault 4L Export"
"3264","2018","Audi","RS 5 CoupÃ©","6","False","False","V","2018 Audi RS 5 CoupÃ©"
"3271","2005","MG","XPower SV-R","8","False","False","V","2005 MG XPower SV-R"
"3274","1990","Aston Martin","Lagonda","8","False","False","V","1990 Aston Martin Lagonda"
"3276","2018","Saleen","S1","4","False","False","Inline","2018 Saleen S1"
"3277","2020","Ford","Mustang Shelby GT500","8","False","False","V","2020 Ford Mustang Shelby GT500"
"3281","2015","Cadillac","#3 Cadillac Racing ATS-V.R","8","False","False","V","2015 Cadillac #3 Cadillac Racing ATS-V.R"
"3284","2019","Hennessey","Camaro Exorcist","8","False","False","V","2019 Hennessey Camaro Exorcist"
"3285","2019","Brabham","BT62","12","False","False","V","2019 Brabham BT62"
"3286","2018","Audi","TT RS","5","False","False","Inline","2018 Audi TT RS"
"3287","1991","Jaguar","Sport XJR-15","12","False","False","V","1991 Jaguar Sport XJR-15"
"3288","1993","Schuppan","962CR","6","False","False","Flat","1993 Schuppan 962CR"
"3289","2018","Lamborghini","Aventador SVJ","12","False","False","V","2018 Lamborghini Aventador SVJ"
"3293","1993","Jaguar","XJ220S TWR","6","False","False","V","1993 Jaguar XJ220S TWR"
"3307","2019","Nissan","370Z NISMO","6","False","False","V","2019 Nissan 370Z NISMO"
"3311","2018","Ferrari","FXX-K EVO","12","False","False","V","2018 Ferrari FXX-K EVO"
"3312","2019","Ferrari","Monza SP2","12","False","False","V","2019 Ferrari Monza SP2"
"3315","2020","Koenigsegg","Jesko","8","False","False","V","2020 Koenigsegg Jesko"
"3318","2018","Audi","RS 4 Avant","6","False","False","V","2018 Audi RS 4 Avant"
"3320","2019","Italdesign","DaVinci Concept","0","True","False","E","2019 Italdesign DaVinci Concept"
"3331","2006","Noble","M400","6","False","False","V","2006 Noble M400"
"3334","2019","Elemental","RP1","4","False","False","Inline","2019 Elemental RP1"
"3359","2021","Audi","RS e-tron GT","0","True","False","E","2021 Audi RS e-tron GT"
"3360","2020","Automobili Pininfarina","Battista","0","True","False","E","2020 Automobili Pininfarina Battista"
"3364","2019","Aston Martin","Valhalla Concept Car","6","False","False","V","2019 Aston Martin Valhalla Concept Car"
"3366","2016","NIO","EP9","0","True","False","E","2016 NIO EP9"
"3367","2019","Ferrari","F8 Tributo","8","False","False","V","2019 Ferrari F8 Tributo"
"3369","2020","Chevrolet","Corvette Stingray Coupe","8","False","False","V","2020 Chevrolet Corvette Stingray Coupe"
"3370","1994","Hoonigan","Ford Escort RS Cosworth WRC 'Cossie V2'","4","False","False","Inline","1994 Hoonigan Ford Escort RS Cosworth WRC 'Cossie V2'"
"3371","2020","Lamborghini","HuracÃ¡n EVO","10","False","False","V","2020 Lamborghini HuracÃ¡n EVO"
"3373","2019","Toyota","4Runner TRD Pro","6","False","False","V","2019 Toyota 4Runner TRD Pro"
"3374","2019","Toyota","Tacoma TRD Pro","6","False","False","V","2019 Toyota Tacoma TRD Pro"
"3395","1967","Renault","8 Gordini","4","False","False","Inline","1967 Renault 8 Gordini"
"3400","2009","Formula Drift","#99 Mazda RX-8","6","False","True","Rotary","2009 Formula Drift #99 Mazda RX-8"
"3402","2020","Toyota","GR Supra","6","False","False","Inline","2020 Toyota GR Supra"
"3404","2020","Ford","#2069 Ford Performance Bronco R","6","False","False","V","2020 Ford #2069 Ford Performance Bronco R"
"3405","2018","Hot Wheels","2JetZ","6","False","False","Inline","2018 Hot Wheels 2JetZ"
"3407","1957","Hot Wheels","Nash Metropolitan Custom","8","False","False","V","1957 Hot Wheels Nash Metropolitan Custom"
"3411","1995","Formula Drift","#34 Toyota Supra MKIV","6","False","False","Inline","1995 Formula Drift #34 Toyota Supra MKIV"
"3412","2019","SUBARU","STI S209","4","False","False","Flat","2019 SUBARU STI S209"
"3413","2021","Volkswagen","Golf R","4","False","False","Inline","2021 Volkswagen Golf R"
"3414","2020","Land Rover","Defender 110 X","6","False","False","Inline","2020 Land Rover Defender 110 X"
"3415","1966","Jaguar","XJ13","12","False","False","V","1966 Jaguar XJ13"
"3419","2020","Toyota","Tundra TRD Pro","8","False","False","V","2020 Toyota Tundra TRD Pro"
"3428","2019","Ginetta","G10 RM","8","False","False","V","2019 Ginetta G10 RM"
"3437","2020","McLaren","GT","8","False","False","V","2020 McLaren GT"
"3438","1961","DeBerti","Ford Econoline 'Shop Rod'","8","False","False","V","1961 DeBerti Ford Econoline 'Shop Rod'"
"3439","2019","DeBerti","Ford Super Duty F-250 Lariat 'Transformer'","8","False","False","V","2019 DeBerti Ford Super Duty F-250 Lariat 'Transformer'"
"3441","2019","DeBerti","Toyota Tacoma TRD ""The Performance Truck""","8","False","False","V","2019 DeBerti Toyota Tacoma TRD ""The Performance Truck"""
"3445","2020","Porsche","Taycan Turbo S","0","True","False","E","2020 Porsche Taycan Turbo S"
"3446","2017","Formula Drift","#357 Chevrolet Corvette Z06","8","False","False","V","2017 Formula Drift #357 Chevrolet Corvette Z06"
"3449","2020","Lotus","Evija","0","True","False","E","2020 Lotus Evija"
"3453","2020","Audi","TT RS Coupe","5","False","False","Inline","2020 Audi TT RS Coupe"
"3454","2020","Audi","RS 3 Sedan","5","False","False","Inline","2020 Audi RS 3 Sedan"
"3457","2020","Lexus","#14 VASSER SULLIVAN RC F GT3","8","False","False","V","2020 Lexus #14 VASSER SULLIVAN RC F GT3"
"3476","2020","Ford","Super Duty F-450 DRW Platinum","8","False","False","V","2020 Ford Super Duty F-450 DRW Platinum"
"3477","2020","Chevrolet","Silverado LT Trail Boss","8","False","False","V","2020 Chevrolet Silverado LT Trail Boss"
"3482","2021","McLaren","765LT","8","False","False","V","2021 McLaren 765LT"
"3484","1975","Ford","Bronco","8","False","False","V","1975 Ford Bronco"
"3485","2017","Ford","F-150 Raptor","6","False","False","V","2017 Ford F-150 Raptor"
"3489","2021","Ford","Bronco","6","False","False","V","2021 Ford Bronco"
"3490","2020","Chevrolet","#3 Corvette Racing C8.R","8","False","False","V","2020 Chevrolet #3 Corvette Racing C8.R"
"3492","2020","KTM","X-Bow GT2","5","False","False","Inline","2020 KTM X-Bow GT2"
"3495","2006","Mosler","MT900 GT3","8","False","False","V","2006 Mosler MT900 GT3"
"3498","2017","Saleen","S7 LM","8","False","False","V","2017 Saleen S7 LM"
"3499","2020","Saleen","Sportruck XR Black Label","8","False","False","V","2020 Saleen Sportruck XR Black Label"
"3508","1986","CitroÃ«n","BX4TC","4","False","False","Inline","1986 CitroÃ«n BX4TC"
"3518","2020","BMW","M8 Competition Coupe","8","False","False","V","2020 BMW M8 Competition Coupe"
"3520","2021","Lexus","LC 500","8","False","False","V","2021 Lexus LC 500"
"3523","2020","Formula Drift","#151 Toyota GR Supra","6","False","False","Inline","2020 Formula Drift #151 Toyota GR Supra"
"3524","2019","Formula Drift","#411 Toyota Corolla Hatchback","4","False","False","Inline","2019 Formula Drift #411 Toyota Corolla Hatchback"
"3528","2010","Forsberg Racing","Toyota Gumout 2JZ Camry Stock Car","6","False","False","Inline","2010 Forsberg Racing Toyota Gumout 2JZ Camry Stock Car"
"3529","1975","Forsberg Racing","Nissan ""Gold Leader"" Datsun 280Z","6","False","False","Inline","1975 Forsberg Racing Nissan ""Gold Leader"" Datsun 280Z"
"3530","2021","Forsberg Racing","Nissan 'Altimaniac'","6","False","False","V","2021 Forsberg Racing Nissan 'Altimaniac'"
"3531","2014","Forsberg Racing","Nissan 'SafariZ' 370Z Safari Rally Tribute","6","False","False","V","2014 Forsberg Racing Nissan 'SafariZ' 370Z Safari Rally Tribute"
"3533","2022","Volkswagen","Golf R","4","False","False","Inline","2022 Volkswagen Golf R"
"3534","2021","MINI","John Cooper Works GP","4","False","False","Inline","2021 MINI John Cooper Works GP"
"3537","2020","MG","#20 MG6 XPower","4","False","False","Inline","2020 MG #20 MG6 XPower"
"3539","2020","SIERRA Cars","#23 Yokohama ALPHA","4","False","False","Inline","2020 SIERRA Cars #23 Yokohama ALPHA"
"3540","2021","SIERRA Cars","RX3","4","False","False","Inline","2021 SIERRA Cars RX3"
"3543","2022","Pagani","Huayra R","12","False","False","V","2022 Pagani Huayra R"
"3546","2020","Lexus","RC F Track Edition","8","False","False","V","2020 Lexus RC F Track Edition"
"3547","2020","Xpeng","P7","0","True","False","E","2020 Xpeng P7"
"3548","2013","Wuling","Sunshine S","4","False","False","Inline","2013 Wuling Sunshine S"
"3549","2021","Alumicraft","#122 Class 1 Buggy","8","False","False","V","2021 Alumicraft #122 Class 1 Buggy"
"3551","2020","Formula Drift","#91 BMW M2","8","False","False","V","2020 Formula Drift #91 BMW M2"
"3552","2020","Lynk & Co","#100 Cyan Racing 03","4","False","False","Inline","2020 Lynk & Co #100 Cyan Racing 03"
"3553","1973","Hoonigan","Volkswagen Baja Beetle Class 5/1600 'Scumbug'","4","False","False","Inline","1973 Hoonigan Volkswagen Baja Beetle Class 5/1600 'Scumbug'"
"3554","2005","Mitsubishi","#1 Sierra Sierra Enterprises Lancer Evolution Time Attack","4","False","False","Inline","2005 Mitsubishi #1 Sierra Sierra Enterprises Lancer Evolution Time Attack"
"3556","2011","BMW","X5 M Forza Edition","8","False","False","V","2011 BMW X5 M Forza Edition"
"3559","1953","Chevrolet","Corvette Forza Edition","8","False","False","V","1953 Chevrolet Corvette Forza Edition"
"3561","1969","Dodge","Charger R/T Forza Edition","8","False","False","V","1969 Dodge Charger R/T Forza Edition"
"3562","2018","Exomotive","Exocet Off-Road Forza Edition","4","False","False","Inline","2018 Exomotive Exocet Off-Road Forza Edition"
"3564","1999","Ford","Racing Puma Forza Edition","4","False","False","Inline","1999 Ford Racing Puma Forza Edition"
"3568","2010","Maserati","Gran Turismo S Forza Edition","8","False","False","V","2010 Maserati Gran Turismo S Forza Edition"
"3572","2016","Pagani","Huayra BC Forza Edition","12","False","False","V","2016 Pagani Huayra BC Forza Edition"
"3574","2019","Porsche","911 GT3 RS Forza Edition","6","False","False","Flat","2019 Porsche 911 GT3 RS Forza Edition"
"3577","1963","Volkswagen","Beetle Forza Edition","4","False","False","Flat","1963 Volkswagen Beetle Forza Edition"
"3580","2021","Aston Martin","DBX","8","False","False","V","2021 Aston Martin DBX"
"3583","2021","Audi","RS 6 Avant","8","False","False","V","2021 Audi RS 6 Avant"
"3584","2021","Audi","RS 7 Sportback","8","False","False","V","2021 Audi RS 7 Sportback"
"3588","2021","Bentley","Flying Spur","12","False","False","W","2021 Bentley Flying Spur"
"3590","1972","Chevrolet","K10 Custom","8","False","False","V","1972 Chevrolet K10 Custom"
"3594","2020","Ferrari","Roma","8","False","False","V","2020 Ferrari Roma"
"3595","2020","Ferrari","SF90 Stradale","8","False","False","V","2020 Ferrari SF90 Stradale"
"3597","1986","Ford","F-150 XLT Lariat","8","False","False","V","1986 Ford F-150 XLT Lariat"
"3598","2021","Ford","Mustang Mach-E 1400","0","True","False","E","2021 Ford Mustang Mach-E 1400"
"3599","2022","Gordon Murray Automotive","T.50","12","False","False","V","2022 Gordon Murray Automotive T.50"
"3600","2021","Hennessey","Venom F5","8","False","False","V","2021 Hennessey Venom F5"
"3602","2019","Jaguar","XE SV Project 8","8","False","False","V","2019 Jaguar XE SV Project 8"
"3603","2019","Casey Currie Motorsports","#4402 Ultra 4 'Trophy Jeep'","8","False","False","V","2019 Casey Currie Motorsports #4402 Ultra 4 'Trophy Jeep'"
"3604","2020","Jimco","#179 Hammerhead Class 1","8","False","False","V","2020 Jimco #179 Hammerhead Class 1"
"3605","2019","Jimco","#240 Fastball Racing Spec Trophy Truck","8","False","False","V","2019 Jimco #240 Fastball Racing Spec Trophy Truck"
"3606","2020","Lamborghini","Essenza SCV12","12","False","False","V","2020 Lamborghini Essenza SCV12"
"3608","2020","Lamborghini","SiÃ¡n Roadster","12","False","False","V","2020 Lamborghini SiÃ¡n Roadster"
"3616","2021","Mercedes-AMG","GT Black Series","8","False","False","V","2021 Mercedes-AMG GT Black Series"
"3617","2021","Mercedes-AMG","SL 63","8","False","False","V","2021 Mercedes-AMG SL 63"
"3620","2023","Nissan","Z","6","False","False","V","2023 Nissan Z"
"3622","2020","Nissan","GT-R NISMO (R35)","6","False","False","V","2020 Nissan GT-R NISMO (R35)"
"3625","2021","Rimac","Nevera","0","True","False","E","2021 Rimac Nevera"
"3629","2021","Toyota","GR Yaris","3","False","False","Inline","2021 Toyota GR Yaris"
"3631","2022","Aston Martin","Valkyrie AMR Pro","12","False","False","V","2022 Aston Martin Valkyrie AMR Pro"
"3644","2021","BMW","M3 Competition Sedan","6","False","False","Inline","2021 BMW M3 Competition Sedan"
"3645","2021","BMW","M4 Competition CoupÃ©","6","False","False","Inline","2021 BMW M4 Competition CoupÃ©"
"3650","2021","Mercedes-AMG","Mercedes-AMG ONE","6","False","False","V","2021 Mercedes-AMG Mercedes-AMG ONE"
"3655","2021","McLaren","620R","8","False","False","V","2021 McLaren 620R"
"3657","2022","Rivian","R1T","0","True","False","E","2022 Rivian R1T"
"3658","2022","Rivian","R1S","0","True","False","E","2022 Rivian R1S"
"3662","2021","RJ Anderson","#37 Polaris RZR Pro 4 Truck","8","False","False","V","2021 RJ Anderson #37 Polaris RZR Pro 4 Truck"
"3665","2021","SIERRA Cars","700R","2","False","False","Inline","2021 SIERRA Cars 700R"
"3667","2021","Porsche","911 GT3","6","False","False","Flat","2021 Porsche 911 GT3"
"3668","2023","McLaren","Artura","6","False","False","V","2023 McLaren Artura"
"3670","2001","Ford","#4 Ford Focus RS","4","False","False","Inline","2001 Ford #4 Ford Focus RS"
"3672","2020","Lamborghini","HuracÃ¡n STO","10","False","False","V","2020 Lamborghini HuracÃ¡n STO"
"3673","2020","Lamborghini","SC20","12","False","False","V","2020 Lamborghini SC20"
"3676","2021","Hyundai","#98 Bryan Herta Autosport Elantra N","4","False","False","Inline","2021 Hyundai #98 Bryan Herta Autosport Elantra N"
"3677","2021","Lynk & Co","03+","4","False","False","Inline","2021 Lynk & Co 03+"
"3678","2020","Hyundai","I30 N","4","False","False","Inline","2020 Hyundai I30 N"
"3681","1998","Toyota","Supra RZ 'Welcome Pack'","6","False","False","Inline","1998 Toyota Supra RZ 'Welcome Pack'"
"3682","2018","Apollo","Intensa Emozione 'Welcome Pack'","12","False","False","V","2018 Apollo Intensa Emozione 'Welcome Pack'"
"3683","2008","Mitsubishi","Lancer Evolution X GSR 'Welcome Pack'","4","False","False","Inline","2008 Mitsubishi Lancer Evolution X GSR 'Welcome Pack'"
"3684","2020","Ford","#2069 Ford Performance Bronco R 'Welcome Pack'","6","False","False","V","2020 Ford #2069 Ford Performance Bronco R 'Welcome Pack'"
"3685","2020","Porsche","Taycan Turbo S 'Welcome Pack'","0","True","False","E","2020 Porsche Taycan Turbo S 'Welcome Pack'"
"3686","2021","Polaris","RZR Pro XP Factory Racing Limited Edition","2","False","False","Inline","2021 Polaris RZR Pro XP Factory Racing Limited Edition"
"3687","2021","Polaris","RZR Pro XP Ultimate","2","False","False","Inline","2021 Polaris RZR Pro XP Ultimate"
"3689","2021","MG","MG6 XPower","4","False","False","Inline","2021 MG MG6 XPower"
"3692","2022","Ford","F-150 Lightning Platinum","0","True","False","E","2022 Ford F-150 Lightning Platinum"
"3693","2022","Alumicraft","#6165 Trick Truck","8","False","False","V","2022 Alumicraft #6165 Trick Truck"
"3696","1967","Shelby","GT 500","8","False","False","V","1967 Shelby GT 500"
"3697","2020","Jaguar","F-Type SVR","8","False","False","V","2020 Jaguar F-Type SVR"
"3698","2022","Porsche","Mission R","0","True","False","E","2022 Porsche Mission R"
"3699","2017","Ford","GT 'OPI Edition'","6","False","False","V","2017 Ford GT 'OPI Edition'"
"3700","2021","McLaren","Sabre","8","False","False","V","2021 McLaren Sabre"
"3702","2013","Formula Drift","#777 Chevrolet Corvette","8","False","False","V","2013 Formula Drift #777 Chevrolet Corvette"
"3703","2000","Hot Wheels","Deora II","8","False","False","V","2000 Hot Wheels Deora II"
"3704","2012","Hot Wheels","Rip Rod","2","False","False","Inline","2012 Hot Wheels Rip Rod"
"3706","1970","Hot Wheels","Pontiac Firebird Trans Am Custom","8","False","False","V","1970 Hot Wheels Pontiac Firebird Trans Am Custom"
"3708","2022","Extreme E","#125 ABT Cupra XE","0","True","False","E","2022 Extreme E #125 ABT Cupra XE"
"3709","2022","Extreme E","#22 JBXE","0","True","False","E","2022 Extreme E #22 JBXE"
"3710","2022","Extreme E","#23 Genesys Andretti United","0","True","False","E","2022 Extreme E #23 Genesys Andretti United"
"3711","2022","Extreme E","#42 XITE Racing Team","0","True","False","E","2022 Extreme E #42 XITE Racing Team"
"3712","2022","Extreme E","#44 X44","0","True","False","E","2022 Extreme E #44 X44"
"3713","2022","Extreme E","#5 Veloce Racing","0","True","False","E","2022 Extreme E #5 Veloce Racing"
"3714","2022","Extreme E","#55 ACCIONA / Sainz XE Team","0","True","False","E","2022 Extreme E #55 ACCIONA / Sainz XE Team"
"3715","2022","Extreme E","#6 Rosberg X Racing","0","True","False","E","2022 Extreme E #6 Rosberg X Racing"
"3716","2023","Lotus","Emira","6","False","False","V","2023 Lotus Emira"
"3719","2022","Cadillac","CT4-V Blackwing","8","False","False","V","2022 Cadillac CT4-V Blackwing"
"3720","2022","Cadillac","CT5-V Blackwing","8","False","False","V","2022 Cadillac CT5-V Blackwing"
"3722","2022","GMC","HUMMER EV Pickup","0","True","False","E","2022 GMC HUMMER EV Pickup"
"3724","2022","Ferrari","296 GTB","6","False","False","V","2022 Ferrari 296 GTB"
"3727","2022","Extreme E","#58 McLaren Racing","0","True","False","E","2022 Extreme E #58 McLaren Racing"
"3728","2021","Bentley","Continental GT Convertible","12","False","False","W","2021 Bentley Continental GT Convertible"
"3729","1976","Volkswagen","SP-2","4","False","False","Inline","1976 Volkswagen SP-2"
"3732","2021","Volkswagen","ID.4","0","True","False","E","2021 Volkswagen ID.4"
"3733","2022","Extreme E","#99 Chip Ganassi Racing GMC Hummer EV","0","True","False","E","2022 Extreme E #99 Chip Ganassi Racing GMC Hummer EV"
"3734","2022","BMW","i4 eDrive40","0","True","False","E","2022 BMW i4 eDrive40"
"3735","2022","SUBARU","BRZ","4","False","False","Flat","2022 SUBARU BRZ"
"3736","2022","Ford","Bronco Raptor","6","False","False","V","2022 Ford Bronco Raptor"
"3737","2022","BMW","iX xDrive50","0","True","False","E","2022 BMW iX xDrive50"
"3740","2022","Hennessey","Mammoth 6x6","8","False","False","V","2022 Hennessey Mammoth 6x6"
"3741","1996","Formula Drift","#51 Donut Media Nissan 240SX","8","False","False","V","1996 Formula Drift #51 Donut Media Nissan 240SX"
"3742","2003","Nissan","Donut Media 350Z 'Hi Car'","6","False","False","V","2003 Nissan Donut Media 350Z 'Hi Car'"
"3743","2004","Nissan","Donut Media 350Z 'Low Car'","6","False","False","V","2004 Nissan Donut Media 350Z 'Low Car'"
"3744","2023","Formula Drift","#64 Forsberg Racing Nissan Z","6","False","False","V","2023 Formula Drift #64 Forsberg Racing Nissan Z"
"3746","2022","CUPRA","Formentor VZ5","5","False","False","Inline","2022 CUPRA Formentor VZ5"
"3747","2022","CUPRA","Tavascan Concept","0","True","False","E","2022 CUPRA Tavascan Concept"
"3748","2022","CUPRA","UrbanRebel Concept","0","True","False","E","2022 CUPRA UrbanRebel Concept"
"3749","2013","Dodge","SRT Viper GTS","10","False","False","V","2013 Dodge SRT Viper GTS"
"3753","2023","Lamborghini","HuracÃ¡n Tecnica","10","False","False","V","2023 Lamborghini HuracÃ¡n Tecnica"
"3755","2022","Ford","Supervan 4","0","True","False","E","2022 Ford Supervan 4"
"3757","2024","Czinger","21C","8","False","False","V","2024 Czinger 21C"
"3760","2022","Porsche","718 Cayman GT4 RS","6","False","False","Flat","2022 Porsche 718 Cayman GT4 RS"
"3761","2022","Toyota","GR86","4","False","False","Flat","2022 Toyota GR86"
"3763","2023","BMW","M2","6","False","False","Inline","2023 BMW M2"
"3764","2022","BMW","M5 CS","8","False","False","V","2022 BMW M5 CS"
"3766","2023","Chevrolet","Corvette Z06","8","False","False","V","2023 Chevrolet Corvette Z06"
"3771","2024","Chevrolet","Corvette E-Ray","8","False","False","V","2024 Chevrolet Corvette E-Ray"
"3774","2021","Lamborghini","Countach LPI 800-4","12","False","False","V","2021 Lamborghini Countach LPI 800-4"
"3775","2021","Lamborghini","Aventador LP 780-4 Ultimae","12","False","False","V","2021 Lamborghini Aventador LP 780-4 Ultimae"
"3781","2023","Porsche","911 GT3 RS","6","False","False","Flat","2023 Porsche 911 GT3 RS"
"3785","1997","Volvo","850 R","5","False","False","Inline","1997 Volvo 850 R"
"3786","2013","Ariel","Atom 500 V8","8","False","False","V","2013 Ariel Atom 500 V8"
"3787","2022","Lynk & Co","05+","4","False","False","Inline","2022 Lynk & Co 05+"
"3788","2022","Lynk & Co","02 Hatchback","4","False","False","Inline","2022 Lynk & Co 02 Hatchback"
"3789","2022","Wuling","Hongguang Mini EV Macaron","0","True","False","E","2022 Wuling Hongguang Mini EV Macaron"
"3791","2009","Pagani","Zonda Cinque Roadster 'Oreo Edition'","12","False","False","V","2009 Pagani Zonda Cinque Roadster 'Oreo Edition'"
"3793","2023","MG","Cyberster","0","True","False","E","2023 MG Cyberster"
"3794","2022","MG","MG7","4","False","False","Inline","2022 MG MG7"
"3795","2023","Meyers","Manx 2.0 EV","0","True","False","E","2023 Meyers Manx 2.0 EV"
"3808","1956","Chevrolet","Barbie Movie' Corvette EV","0","True","False","E","1956 Chevrolet Barbie Movie' Corvette EV"
"3809","2022","GMC","Barbie Movie' HUMMER EV PICKUP","0","True","False","E","2022 GMC Barbie Movie' HUMMER EV PICKUP"
"3810","2010","Nissan","Tsuru","4","False","False","Inline","2010 Nissan Tsuru"
"3811","2023","Lucid Air","Sapphire","0","True","False","E","2023 Lucid Air Sapphire"
"3819","2022","SUBARU","WRX","4","False","False","Flat","2022 SUBARU WRX"
"3820","2022","Hyundai","Kona N","4","False","False","Inline","2022 Hyundai Kona N"
"3823","2022","Mazda","MX-5 Miata RF","4","False","False","Inline","2022 Mazda MX-5 Miata RF"
"3827","2023","Hyundai","IONIQ 5 N","0","True","False","E","2023 Hyundai IONIQ 5 N"
"3828","2022","Hyundai","IONIQ 6","0","True","False","E","2022 Hyundai IONIQ 6"
"3829","2022","Hyundai","N Vision 74","0","True","False","E","2022 Hyundai N Vision 74"
"3830","1992","Universal Studios","Jeep Wrangler Sahara 'Jurassic Park'","6","False","False","V","1992 Universal Studios Jeep Wrangler Sahara 'Jurassic Park'"
"3832","1973","Fast and Furious","Datsun 240Z 'Fast X'","6","False","False","Inline","1973 Fast and Furious Datsun 240Z 'Fast X'"
"3835","1966","Fast and Furious","Chevrolet Impala Super Sport 'Fast X'","8","False","False","V","1966 Fast and Furious Chevrolet Impala Super Sport 'Fast X'"
"3836","2022","Fast and Furious","Dodge Charger SRT Hellcat Redeye Widebody 'Fast X'","8","False","False","V","2022 Fast and Furious Dodge Charger SRT Hellcat Redeye Widebody 'Fast X'"
"3837","1970","Fast and Furious","Dodge Charger 'Fast X'","8","False","False","V","1970 Fast and Furious Dodge Charger 'Fast X'"
"3838","2022","Fast and Furious","Flip Car 2.0 'Fast X'","8","False","False","V","2022 Fast and Furious Flip Car 2.0 'Fast X'"
"3840","2023","Lamborghini","HuracÃ¡n Sterrato","10","False","False","V","2023 Lamborghini HuracÃ¡n Sterrato"
"3846","2024","Ford","Mustang GT","8","False","False","V","2024 Ford Mustang GT"
"3847","2024","Ford","Mustang Dark Horse","8","False","False","V","2024 Ford Mustang Dark Horse"
"3848","2023","Toyota","Camry TRD","6","False","False","V","2023 Toyota Camry TRD"
"3849","2023","Ford","F-150 Raptor R","8","False","False","V","2023 Ford F-150 Raptor R"
"3850","2021","Dodge","Durango SRT Hellcat","8","False","False","V","2021 Dodge Durango SRT Hellcat"
"3851","1991","Toyota","Sera","4","False","False","Inline","1991 Toyota Sera"
"3854","1993","Autozam","AZ-1","3","False","False","Inline","1993 Autozam AZ-1"
"3858","1997","Nissan","Stagea Four V","6","False","False","Inline","1997 Nissan Stagea Four V"
"3864","2023","KIA","EV6 GT","0","True","False","E","2023 KIA EV6 GT"
"3881","1981","Universal Studios","Back to the Future Time Machine 1","6","False","False","V","1981 Universal Studios Back to the Future Time Machine 1"
"3882","1981","Universal Studios","Back to the Future Time Machine 2","6","False","False","V","1981 Universal Studios Back to the Future Time Machine 2"
"3883","1981","Universal Studios","Back to the Future Time Machine 3","6","False","False","V","1981 Universal Studios Back to the Future Time Machine 3"
"3884","1982","Universal Studios","K.I.T.T.","8","False","False","V","1982 Universal Studios K.I.T.T."
"3886","1995","Mitsubishi","Lancer Evolution III GSR","4","False","False","Inline","1995 Mitsubishi Lancer Evolution III GSR"
"3890","2023","Porsche","Taycan Cross Turismo Turbo S","0","True","False","E","2023 Porsche Taycan Cross Turismo Turbo S"
"3891","2024","Lamborghini","Revuelto","12","False","False","V","2024 Lamborghini Revuelto"
"3896","1965","DeBerti","Chevrolet C10 'Slayer'","8","False","False","V","1965 DeBerti Chevrolet C10 'Slayer'"
"3903","2023","Ford","Fiesta ST","3","False","False","Inline","2023 Ford Fiesta ST"
"3904","2022","Ford","Focus ST","6","False","False","V","2022 Ford Focus ST"
"3910","2023","Porsche","911 Rallye","6","False","False","Flat","2023 Porsche 911 Rallye"
"3914","1991","Toyota","Chaser GT Twin Turbo","6","False","False","Inline","1991 Toyota Chaser GT Twin Turbo"
"3921","2024","Nissan","Z NISMO","6","False","False","V","2024 Nissan Z NISMO"
"3951","2023","Porsche","911 GT3 R","6","False","False","Flat","2023 Porsche 911 GT3 R"
"3953","2023","Porsche","911 Turbo S","6","False","False","Flat","2023 Porsche 911 Turbo S"
"3959","2022","Dodge","Challenger SRT Super Stock","8","False","False","V","2022 Dodge Challenger SRT Super Stock"
"3972","1969","Chevrolet","Camaro Jordan Luka 3 Forza Edition","8","False","False","V","1969 Chevrolet Camaro Jordan Luka 3 Forza Edition"
"9007","1994","Ford","Supervan 3 'Donut Media Edition'","6","False","False","V","1994 Ford Supervan 3 'Donut Media Edition'"
